Pinchos,d13081859,[English],6,51,3.0,3,"August 1, 2018 ",Not the best Pinchos,"Bro, Sweden","We visited Pinchos in Gothenburg the week prior to this visit. The visit in Gothenburg was very pleasant so we decided to visit another Pinchos. 
This visit was not as nice as in Gothenburg. The prices was around 10-15 % higher, the atmosphere was not...More"
Pinchos,d13081859,[English],6,2,,1,"March 31, 2018 ","Long wait, horrible food, not going back","Lund, Sweden","Friday evening  and we expected a wait for food. However 30 minutes after ordering, our drinks weren't even ready and the staff had to go get them for us. After almost 50 minutes, the food came and it was awful. Risotto that had no flavor...More"
Pinchos,d13081859,[English],6,4,,2,"February 16, 2018 ",Greasy cold food - but ok drinks,"Copenhagen, Denmark","The concept might be good but the execution is poor. 

We had two ten year old kids and from the time we ordered via the App to getting a ping our food was ready was nearly an hour! The food portions were tiny and not...More"
Pinchos,d13081859,[English],6,91,18.0,3,"December 22, 2017 ",Nice concept ,"Lund, Sweden",Went to ponchos to celebrate my daughters birthday. The app wasn‚Äôt working so they have to take the order manually! Took quite a while to get served and to get our food. The food wasn‚Äôt too bad and I‚Äôd probably give it another go. The...More
Pinchos,d13081859,[English],6,129,35.0,3,"December 2, 2017 ",Overpriced fast food,"Lund, Sweden","The concept is small, tapas style, dishes ordered via an app. Why, one wonders, it must be just as easy to put in an order by the server. If you are allergic or need to have something changed in your order you are out of...More"
Pinchos,d13081859,[English],6,121,24.0,3,"October 29, 2017 ","Interesting concept, decent food","Lund, Sweden","You order all your food and drinks via an app, and when it is done you get a notification on your phone to go pick it up yourself. This makes it easy for everyone to decide and order as and when they want, and to...More"
Pinchos,d13081859,[Swedish],30,24,4.0,3,"January 3, 2019 ",Mysigt och helt ok mat,"Malmo, Sweden",Helt ok upplevelse. Dock k√§nde vi oss lite stressade d√• vi bara hann sitta 1h 20 min d√• vi hade...More
Pinchos,d13081859,[Swedish],30,33,9.0,3,"December 26, 2018 ",Sm√• mat,,Helt ok mat. Trevlig personal men g√•r jag p√• krog vill jag bli serverad och inte h√§mta allt sj√§lv. D√§rf√∂r...More
Pinchos,d13081859,[Swedish],30,128,33.0,3,"November 23, 2018 ",Helfabrikat ,"Lund, Sweden","Inredning, koncept h√§ftigt men vill man g√• ut och √§ta god mat s√• blir man mkt missn√∂jd allt √§r i...More"
Pinchos,d13081859,[Swedish],30,4,2.0,2,"September 15, 2018 ",Bra koncept - det √§r det enda,,"Tanken bakom Pinchos √§r verkligen genomt√§nkt, f√∂r n√•gra som √§r petiga med maten √§r m√∂jligheten att best√§lla in flera r√§tter...More"
Pinchos,d13081859,[Swedish],30,51,3.0,4,"September 12, 2018 ",Bra service och god mat.,"Hoor, Sweden",Vi har varit h√§r tidigare och tycker det √§r mycket bra. God och v√§llagad mat och alltid trevlig personal. Bra...More
Pinchos,d13081859,[Swedish],30,32,3.0,4,"August 30, 2018 ",Trevligt st√§lle med fin service och god mat,"Loddekopinge, Sweden",H√§rligt mysigt st√§lle med fin inredning. Du best√§ller olika sm√•r√§tter genom deras app som du sedan h√§mtar sj√§lv n√§r det...More
Pinchos,d13081859,[Swedish],30,385,49.0,3,"August 18, 2018 ",Cirkus tema och god mat,"Lund, Sweden","Pinchos koncept √§r ganska intressant och familje/barn-v√§nligt.  Cirkus rakt igenom med popcorn och √§ven cirkusr√∂ster p√• toaletten.

Idag var det...More"
Pinchos,d13081859,[Swedish],30,3,1.0,2,"August 12, 2018 ",Smakl√∂st ,"Malmo, Sweden","Fin Meny men smakl√∂st tyv√§rr, och d√• smakade jag det mesta p√• menyn. 
Minus f√∂r att man sj√§lv beh√∂vde h√§mta...More"
Pinchos,d13081859,[Swedish],30,123,15.0,4,"August 2, 2018 ",Trevligt,"Karlshamn, Sweden","Trevligt & gott, ett roligt st√§lle att √§ta p√• b√•de f√∂r stora & sm√•. Finns n√•got f√∂r alla att √§ta....More"
Pinchos,d13081859,[Swedish],30,51,3.0,4,"August 1, 2018 ",Gott och trevligt,"Hoor, Sweden","Var h√§r med familjen och vi var alla n√∂jda efter√•t, kul att man f√•r in sm√• r√§tter s√• att man...More"
Pinchos,d13081859,[Swedish],30,76,20.0,2,"July 27, 2018 ",Okej men inte mer,"Aseda, Sweden","Barnen tyckte det var kul med sm√• r√§tterna, som smakade okej. Har √§tit godare. Jag och maken har √§tit p√•...More"
Pinchos,d13081859,[Swedish],30,3,1.0,3,"July 1, 2018 ",Middag med familjen,,Trevlig personal och god dryck. Sm√•r√§tterna var helt ok men stod inte ut ur m√§ngden. De smakade gott men det...More
Pinchos,d13081859,[Swedish],30,2,,1,"June 30, 2018 ",Mrs,,"Annorlunda, kanske lite kul koncept som man kunde gjort n√•got helt annat utav. Kall mat!!!Stor besvikelse, kommer inte att bes√∂ka...More"
Pinchos,d13081859,[Swedish],30,18,3.0,4,"June 28, 2018 ",Mat p√• fat,"Malmo, Sweden",F√∂rsta g√•ngen inom detta koncept och jag blev inte besviken. Upplevde lite jobbigt med att man var tvungen att balansera...More
Pinchos,d13081859,[Swedish],30,218,47.0,2,"June 23, 2018 ",Inga fler bes√∂k hit,"Malmo, Sweden",Vi gillar konceptet. Vi gillar typen av mat. Menyn √§r relativt varierad - alla hittar n√•got. Prisv√§rt? Inte en chans!...More
Pinchos,d13081859,[Swedish],30,1,,2,"June 5, 2018 ",Pinchos Lund ,,V√§ldigt lite mat f√∂r de pengarna. Vi blev rekommenderade 3-4 tapas f√∂r att bli m√§tta men det hade beh√∂vts 8-10...More
Pinchos,d13081859,[Swedish],30,36,7.0,1,"April 30, 2018 ",S√§mst hittills ,"Stenungsund, Sweden","Har varit p√• flera Pinchos och denna √§r s√§mst. 
Att beh√∂va g√• i trappor f√∂r att h√§mta maten √§r otrevligt...More"
Pinchos,d13081859,[Swedish],30,58,23.0,3,"April 29, 2018 ",En favorit hos barnen,,"Efter att ha l√§st ett antal d√•liga omd√∂men om Pinchos Lund, s√• var det n√§ra att vi avbokade v√•rt bes√∂k....More"
Pinchos,d13081859,[Swedish],30,40,7.0,3,"April 23, 2018 ",S√§mre uppl√§gg och mat,"Loddekopinge, Sweden",Van vid andra Pichos m√•ste jag s√§ga att detta med att h√§mta sin egen mat inte √§r bra h√§r eftersom...More
Pinchos,d13081859,[Swedish],30,16,,1,"April 17, 2018 ",Maten smakar plast kommer inte g√• ditt igen,"Lund, Sweden","Vi ville testa detta koncept men tyv√§rr blev s√• besviken.
Maten tog v√§ldigt l√•ng tid och maten smakade plastigt.  kommer...More"
Pinchos,d13081859,[Swedish],30,1,,1,"February 20, 2018 ",√ñverprisat och kass service,"Lund, Sweden",Va d√§r en l√∂rdagkv√§ll 1 timme innan st√§ngning. Vi f√∂rstog att dem inte kunde erbjuda oss varm mat fr√•n k√∂ket....More
Pinchos,d13081859,[Swedish],30,17,31.0,1,"February 13, 2018 ",Aldrig mer Pinchos i Lund.,,"Det b√∂rjade d√•ligt bem√∂tande p√• facebook n√§r vi st√§llde fr√•gor ang meny. V√§l d√§r, tv√• vuxna och tv√• barn fanns...More"
Pinchos,d13081859,[Swedish],30,30,5.0,1,"February 10, 2018 ",F√∂delsedags firande,Staffanstorp,Firade en f√∂delsedag p√• Pinchos Lund. Trevligt bem√∂tande av personalen i d√∂rren och tjejen som visade oss till bordet. I...More
Pinchos,d13081859,[Swedish],30,55,12.0,5,"February 7, 2018 ",Kul koncept och god mat!,"Lund, Sweden",Ett lite annorlunda matkoncept har kommit till stan! Inredningen bjuder p√• k√§nsla av cirkus och maten √§r en massa sm√•r√§tter...More
Pinchos,d13081859,[Swedish],30,78,29.0,1,"February 3, 2018 ",Undvik,L√∂ber√∂d,Var h√§r med mina ton√•rs d√∂ttrar. Dom hade talat gott om detta st√§lle men blev sj√§lv v√§ldigt besviken. J√§mf√∂rt med...More
Pinchos,d13081859,[Swedish],30,27,3.0,5,"January 12, 2018 ",Snabbt och otroligt gott och prisv√§rt!,"Lund, Sweden",Testade Pinchos i Lund idag kl 16:30 efter jobbet. Var j√§tte l√§tt att best√§lla med appen och fanns m√•nga h√§rliga...More
Pinchos,d13081859,[Swedish],30,70,17.0,2,"January 11, 2018 ",Inte prisv√§rt,"Lund, Sweden","Lokalen √§r inredd med cirkustema, av oklar anledning.
Maten best√•r av m√•nga sm√•r√§tter som best√§lls genom en app man m√•ste...More"
Pinchos,d13081859,[Swedish],30,123,23.0,2,"December 11, 2017 ","L√•ngsamt, d√•ligt planerad lokal, inget wow","Kavlinge, Sweden","De har l√•nga v√§gar kvar att ens vara i n√§rheten av pinchos i Malm√∂.
Lokalen √§r under all kritik, man...More"
Pinchos,d13081859,[Swedish],30,68,38.0,2,"December 5, 2017 ",Samma kedja men inte lika bra som i Malm√∂ ,"Lund, Sweden","Har varit flera g√•nger p√• Pinchos i Malm√∂ och alltid l√§mnat v√§ldigt n√∂jd.
Nu bes√∂kte vi Pinchos i Lund n√•gon...More"
Pinchos,d13081859,[Swedish],30,20,7.0,2,"November 3, 2017 ",Extremely overpriced fast food!,,"Bes√∂kte restaurangen med min sambo ig√•r. 
Vi hade verkligen inga f√∂rv√§ntningar, men trots detta blev vi v√§ldigt besvikna.

Best√§llningen sker...More"
Wok_Kitchen,d10513973,[English],1,10,6.0,4,"February 21, 2018 ",üòÄ,"Kuala Lumpur, Wilayah Persekutuan, Malaysia",Fairly good asian food. Serves good size meal with quality although it can feel a little salty but in overall a warm hearty meal. good with both thai n indian meals.
Wok_Kitchen,d10513973,[Swedish],8,5,,1,"December 27, 2018 ",De f√∂rlorar sina trogna kunder,,F√∂rst vill jag s√§ga att jag har varit en trogen kund p√• detta st√§lle i v√§ldigt m√•nga √•r. Maten √§r...More
Wok_Kitchen,d10513973,[Swedish],8,30,4.0,1,"June 26, 2018 ","S√§msta luchen n√•gonsin, sur personal","Lund, Sweden","S√§msta lunchen jag n√•gonsin √§tit. 1 stj√§rna √§r f√∂r gener√∂st. Best√§llde wokade gr√∂nsaker med ris, fick broccoli och blomk√•l i...More"
Wok_Kitchen,d10513973,[Swedish],8,1,,1,"June 26, 2018 ",Vederv√§rdigt,,‚ÄùWokade‚Äù gr√∂nsaker visade sig vara kokt broccoli som smakade allt annat √§n fr√§scht. Till det smakl√∂st ris och vissen isbergssallad....More
Wok_Kitchen,d10513973,[Swedish],8,15,8.0,3,"June 29, 2017 ",Helt ok lunch,,Efter n√•gon timme p√• Nova och med blodsockret vid anklarna besl√∂t jag mig f√∂r att prova en lunch. Milj√∂n var...More
Wok_Kitchen,d10513973,[Swedish],8,39,5.0,1,"March 20, 2017 ",Tradig wok,,"K√§kade kyckling med nudlar. Kycklingen var s√• tradigt torr, nudlarna var mer en degig s√∂rja och broccolin var helt f√∂rst√∂rd...More"
Wok_Kitchen,d10513973,[Swedish],8,360,35.0,3,"January 17, 2017 ",Godk√§nd,"Lovestad, Sweden",Som en av m√•nga lunchrestaurangerna i detta komplex s√• f√•r du din mat snabbt. V√§llagat men inget som sticker ut....More
Wok_Kitchen,d10513973,[Swedish],8,1,,1,"July 24, 2016 ","Brukar vara okej, men inte idag...","Loddekopinge, Sweden","Vi brukar √§ta deras kycklingspett med jordn√∂tss√•s, men idag var det vidrigt. Spetten var r√•a/kalla i mitten och ""mosiga"". L√§mnade...More"
Wok_Kitchen,d10513973,[Swedish],8,193,21.0,3,"July 3, 2016 ","Godk√§nd lunch, men slarvigt","Lund, Sweden",Vi √•t Kung Fu d v s vegetariska v√•rrullar och friterade kr√§ftstj√§rtar med ris och sallad. V√•rrullarna och kr√§ftstj√§rtarna var...More
Kinjo_Sushi,d9742916,[English],9,178,22.0,4,"November 24, 2018 ",More than sushi!,"Lund, Sweden","Great new Japanese restaurant in Lund
Loads of choices, beautifully presented and delicious
Have been here twice in a short span and enjoyed both visits very much
Server is very nice, knowledgeable and even during the busiest times seems unflapable
Prices are reasonable for the...More"
Kinjo_Sushi,d9742916,[English],9,91,18.0,5,"December 22, 2017 ",Best sushi in town,"Lund, Sweden",I absolutely love this place and would recommend it to everyone! The sushi is fresh and soooo tasty! The tempura salad is to die for. Just wish the portions were bigger! I am not even going to bother having sushi from anywhere else!
Kinjo_Sushi,d9742916,[English],9,36,8.0,4,"November 18, 2017 ","Good sushi, good beef","Furulund, Sweden","Nice outdoor serving, warm even in the November rain. Staff was friendly enough, and the food was nice. Especially the sushi rolls with the crusty components were excellent."
Kinjo_Sushi,d9742916,[English],9,18,4.0,5,"October 17, 2017 ",My favorite sushi! ,"Helsinki, Finland","Nice place with friendly service. Beautiful sushi with excellent taste. Perfect place for taking your friend to, even for dinner with your special someone. My favourite sushi restaurant!"
Kinjo_Sushi,d9742916,[English],9,11,7.0,1,"September 28, 2017 ",Lousy service,,"I ordered a gin tonic. It tasted not at all as expected. The woman in the bar asked what to do about it, and I suggested to give me a glass of wine instead. After some minutes, she came to our table and told me...More"
Kinjo_Sushi,d9742916,[English],9,91,18.0,4,"January 29, 2017 ",Nice sushi,"Lund, Sweden","If you're looking to a nice evening out, try this place out. Good atmosphere and service too. They have I
Other dishes apart from sushi. Tried out the meat grill sticks and the tempura salad.. Lovely!,"
Kinjo_Sushi,d9742916,[English],9,8,4.0,4,"November 4, 2016 ",Very tasty and well presented,"London, United Kingdom","We're pleased to have chosen to have our sushi in Lund her. The food was ample, well presented and tasty. The house white wine (Chile) was excellent."
Kinjo_Sushi,d9742916,[English],9,81,17.0,2,"September 10, 2016 ",Ok Saturday lunch,"Helsingborg, Sk√•ne L√§n, Sweden","The furniture outside √§r ok, but ehen we arrived on a warm and sunny day the chairs were wet. We ordered inside and it took almost 40 minutes before the food arrived, not ok! We had ordered chicken salad, tempura salad and 12ps sushi. The...More"
Kinjo_Sushi,d9742916,[English],9,215,59.0,3,"March 28, 2016 ",An unfortunate lunch,"Lund, Sweden","Lunch shouldn't take too much time, but this unfortunately did. After about half an hour that we were into our meal we first got a miso soup and after 10 minutes we got information that the dish I had ordered was... not going to be...More"
Kinjo_Sushi,d9742916,[Swedish],23,88,10.0,2,"November 4, 2018 ",Sm√• bitar,"Lund, Sweden","Liten lokal med uteservering. Menyn liknar i m√•ngt och mycket menyerna p√• andra sushibarer, det vill s√§ga xx-bitars med lax...More"
Kinjo_Sushi,d9742916,[Swedish],23,3,,5,"July 7, 2018 ",B√§sta Sushin !!!,"Malmo, Sweden","Absolut b√§sta sushin vi testat. √Öt p√• uteserveringen ig√•r kv√§ll. Vilken upplevelse ....Och vilken service , Vi var ett s√§llskap...More"
Kinjo_Sushi,d9742916,[Swedish],23,4,,5,"June 13, 2018 ",P√• v√§g hem fr√•n Bornholm ,"Gothenburg, Sweden",H√§r √•t vi den b√§sta sushin ever. Trevligt bem√∂tande och god mat. Ca 1 km fr√•n stationen vid M√•rtens torget...More
Kinjo_Sushi,d9742916,[Swedish],23,1,,5,"February 15, 2018 ",Skit gott,,Jag √•t h√§r med familjen idag p√• min brors f√∂delsedag. Jag gillar inte ens sushi men fy va gott det...More
Kinjo_Sushi,d9742916,[Swedish],23,1,1.0,5,"September 23, 2017 ",Sushi,,"Fantastiskt god sushi som serveras riktigt snyggt. Mycket trevlig personal och fr√§sch, snygg inredning med mysiga uteserveringar med tak och...More"
Kinjo_Sushi,d9742916,[Swedish],23,39,7.0,4,"August 19, 2017 ",God mat,Lund,"Fin god sushi, hyfsat snabb servering. Min v√§n tog en laxsallad som s√•g fantastiskt god ut! Kul med andra r√§tter...More"
Kinjo_Sushi,d9742916,[Swedish],23,3,,5,"August 6, 2017 ",B√§sta Sushi i Lund/Malm√∂,"Malmo, Sweden","Har testat m√•nga sushi st√§llen i Lund/Malm√∂ , Kinjo har absolut den b√§sta sushin !! Fin uteservering och trevlig personal.M√•nga...More"
Kinjo_Sushi,d9742916,[Swedish],23,156,51.0,2,"July 27, 2017 ",Besviken p√• personalen,"Gothenburg, Sweden",Vi kan inte uttala oss om restaurangens mat. Vi bes√∂kte st√§llets uteservering tv√• g√•nger f√∂r att bara ta en drink....More
Kinjo_Sushi,d9742916,[Swedish],23,38,8.0,4,"May 21, 2017 ",Gott!,"Mariehamn, Finland","Tv√• i s√§llskapet tog Tempurasallad som var verkligt god, inte s√• stor dock. De andra √•t 8-bitars sushi med lax,...More"
Kinjo_Sushi,d9742916,[Swedish],23,51,20.0,1,"May 14, 2017 ",J√§ttebesviken,,"Hutl√∂sa priser f√∂r det man f√•r, t.ex. 110kr f√∂r en sallad som knappt kan klassas som en f√∂rr√§tt. 75kr f√∂r...More"
Kinjo_Sushi,d9742916,[Swedish],23,7,,3,"March 1, 2017 ","J√§ttegod mat, men lite tveksamt st√§lle","Lund, Sweden","Sushin smakade verkligen bra, och det √§r ju huvudsaken. Toppenmat! Men lokalen √§r tr√•ng och ganska h√∂gljudd, och priserna var...More"
Kinjo_Sushi,d9742916,[Swedish],23,23,29.0,5,"February 20, 2017 ",Fantastiskt!,Hallar√∂d,"F√∂rsta g√•ngen p√• en sushirestaurang och VILKEN upplevelse!  B√∂rjade med en tempurasallad, som var en smakupplevelse utan dess like!  Otroligt...More"
Kinjo_Sushi,d9742916,[Swedish],23,87,17.0,5,"January 7, 2017 ",B√§sta sushist√§llet i Lund,"Lund, Sweden",H√§r handlar det inte bara om sushi men de har s√• mycket annat gott och det levereras 100%. B√§sta st√§llet...More
Kinjo_Sushi,d9742916,[Swedish],23,166,36.0,4,"November 16, 2016 ",√ñdsligt,"Bjarred, Sweden",Har bes√∂kt den h√§r restaurangen vid ett par tillf√§llen det senaste halv√•ret och alltid varit n√∂jd med maten och servicen....More
Kinjo_Sushi,d9742916,[Swedish],23,8,4.0,4,"November 4, 2016 ",Mycket god och v√§l presenterat,"London, United Kingdom","Vi √§r glada √∂ver att ha valt det h√§r st√§llet att √§ta sushi p√• i Lund. Maten var riklig, v√§l...More"
Kinjo_Sushi,d9742916,[Swedish],23,49,43.0,4,"September 6, 2016 ",J√§ttegod sushi!,"Lund, Sweden","Har varit h√§r 2 ggr & b√•da g√•nger har det varit supergott!
Sushi med det d√§r lilla extra & s√•...More"
Kinjo_Sushi,d9742916,[Swedish],23,59,14.0,5,"July 29, 2016 ",Smakfullt g√•r som en r√∂d tr√•d,"Lund, Sweden",Det √§r som att komma tillbaka till Japan. Det ska vara en totalupplevelse b√•de f√∂r √∂gat och smakl√∂karna. Vi b√∂rjade...More
Kinjo_Sushi,d9742916,[Swedish],23,65,9.0,3,"June 26, 2016 ","Ok sushi, prisv√§rt!","Lund, Sweden","Trevlig personal, och snabb ""leverans"" av maten. Kyckling terriyakin mina v√§nner tog var god, lagom med mat, kanske i minsta...More"
Kinjo_Sushi,d9742916,[Swedish],23,17,17.0,2,"May 25, 2016 ","Fel i min best√§llning, r√•tt ris!!",Stockholm,Best√§llde take away. Upprepade f√∂r killen i telefon ett antal g√•nger att jag INTE tycker om fisk eller tonfisk. N√§r...More
Kinjo_Sushi,d9742916,[Swedish],23,13,8.0,1,"April 18, 2016 ",Besvikna,"Malmo, Sweden","Lite mat, fel p√• v√•r best√§llning och √§ven till andra i lokalen vad vi kunde h√∂ra, trots f√• bes√∂kare i...More"
Kinjo_Sushi,d9742916,[Swedish],23,1,5.0,5,"April 3, 2016 ",Sushi,,"Godaste sushin jag √§tit, j√§tte trevlig personal och fantastiskt upplagd mat. Restaurangen √§r snyggt och fr√§scht inredd samt en stor...More"
Kinjo_Sushi,d9742916,[Swedish],23,2,5.0,5,"March 25, 2016 ",Weekend semester,,Bland det b√§sta vi √§tit p√• l√§nge n√§r det g√§ller Japansk mat!!! Kan verkligen rekommendera denna Japanska Restaurang. Dottern 9...More
Kinjo_Sushi,d9742916,[Swedish],23,167,40.0,5,"March 22, 2016 ",Gott & fr√§scht ,"Lund, Sweden","Trevlig och mysig lokal som g√•r i japansk stil. Servicen var p√• topp , man k√§nner sig v√§lkommen och sed...More"
Kinjo_Sushi,d9742916,[Danish],1,23,2.0,2,"May 12, 2018 ",Fin mad - Ikke s√¶rlig god service,,"Maden var fin og kom hurtigt. Vi skulle bede om et glas til drikkevarer og sk√•le til sushi, som vi...More"
Kinjo_Sushi,d9742916,[French],1,208,131.0,5,"August 19, 2017 ",D√©licieux Sushi!,"Lasne, Belgium","Franchement, les suchis que nous y avons mang√©s √©taient absolument d√©licieux! 

Service agr√©able et tr√®s bon conseil pour la bi√®re...More"
Viggos_The_Bar,d7104393,[English],17,88,10.0,2,"February 24, 2017 ",Generic burger place,"Lund, Sweden","This is a generic, pretend-to-be American place. The venue is quite noise and for some reason they insist on having speakers outside as well. I ordered a cheese burger at the bar, where I had to wait in awkward silence for a while before the...More"
Viggos_The_Bar,d7104393,[English],17,76,17.0,3,"February 4, 2017 ",Nice place to eat,"Libramont, Belgium","I ordered an American Burger.  The burger was tasty,  the meat well done.  I appreciated the sauce collection.  I had less French fries than the burgers of my friends. The service was really disappointing,  not friendly,  impossible to get the bill, mistakes on the bill....More"
Viggos_The_Bar,d7104393,[English],17,7,,5,"October 4, 2016 ",Friends and Burgers,"Naples, Italy","Nice place where you can have a big burger and frech fries with friends. Good beer! Stylish inside, pleasant outside. The position is good to make a tour in the city and have a dinner."
Viggos_The_Bar,d7104393,[English],17,168,50.0,2,"September 18, 2016 ",Not the best food. The other Viggos is way much better,"Lund, Sweden",The food is Ok. Not the best. I ordered a chicken with curry sauce and my mom ordered entrecote. I must say that for the price the food is average level. You can definitely make it better at home. If you go for burgers I...More
Viggos_The_Bar,d7104393,[English],17,18,28.0,1,"August 22, 2016 ",not what it used to be,"Lund, Sweden","The place is not what it used to be. For the last year or so it lost all the charm it had. Boring meat, unpleasant service."
Viggos_The_Bar,d7104393,[English],17,31,13.0,1,"July 25, 2016 ",Sewage and tasteless burgers,"Brisbane, Australia","The chips are ok. Everything else is overpriced bland crap. Oh, and speaking of crap, that's what the place smells like. No, I'm not exaggerating, the whole place smells really strongly of backed up toilet. It's ok for a beer outside, but hold your nose...More"
Viggos_The_Bar,d7104393,[English],17,13,3.0,4,"June 29, 2016 ",Probably the best... burger... in Lund,"Hoor, Sweden","This restaurant is located right at the train station in Lund. It's small, bordering on cramped, especially if the patio is not open.

Service during lunch is adequate, haven't tried the dinner service. The food you want here would be burgers, but they do sell...More"
Viggos_The_Bar,d7104393,[English],17,22,,3,"June 1, 2016 ",Lovely location,"Lund, Sweden","A typical modern Swedish restaurant and bar. Aspirations to the Parisian style of roadside outdoor dining but not quite there. Very young personell, willing but not very experienced. The food is nothing to complain about but not anything to really impress with either"
Viggos_The_Bar,d7104393,[English],17,1,,5,"May 19, 2016 ",OMG,,"Best burger evr! First time order came out wrong. Second time absolutely b√§st i v√§rlden!!!

We will eat here every day forever and ever and ever and ever and omg how many words can you write with 100 signs?!"
Viggos_The_Bar,d7104393,[English],17,178,33.0,3,"May 11, 2016 ","Quite ok but, not more.",,"A wide selection of hamburgers and some rather strange choises. Large portions with fries. The food was ok but, nothing more. The place reminds me of an rather shabby road house. The patio was'nt much better. A place to fill your stomac and that's it."
Viggos_The_Bar,d7104393,[English],17,68,20.0,4,"April 20, 2016 ","Nice place in the center of the town. Good menu, lots of food to choose",Trieste,"This pub is in the heart of Lund, and serves a lot of different food as well as different kind of beer. 
Price is average with respect to same quality restaurants nearby.
If you pass by, it is worth a try."
Viggos_The_Bar,d7104393,[English],17,280,54.0,2,"March 8, 2016 ","Poor service, cold buidling but ok chips","Malmo, Sweden","It was Saturday evening and we had not prebooked at any of the decent restaurants in Lund. BIG mistake. After having tried several ones, we were desperate and ended up at Viggos. The waiters did not seem to know what they were doing, people were...More"
Viggos_The_Bar,d7104393,[English],17,12,,3,"August 19, 2015 ","Nice people, ok food","Denver, Colorado","The staff here are always friendly, but the food is so-so. All the burgers are huge, and extremely messy. Definitely knife-and-fork food. There is no wait service at the tables, you have to go up and order at the bar, and when I went there...More"
Viggos_The_Bar,d7104393,[English],17,34,20.0,1,"June 13, 2015 ",Bad food and service,Sweden,"Been here twice for AW, first time I had the burger - it was alright. Service terrible, the staff definitely have no service training. Second time I had a mozzarella salad as starters and salmon pasta as a main. The starter was plain and tasteless....More"
Viggos_The_Bar,d7104393,[English],17,13,7.0,2,"April 28, 2015 ",Well the beers are cold at least...,"Lund, Sweden","The people working there are helpful and smiling. However, it seems you're expected to grab a meny on your own and order at the bar (and pay immediately), even if you're seated outside but IN the restaurant. The ""Please tip us"" jar  on the counter...More"
Viggos_The_Bar,d7104393,[English],17,284,103.0,3,"December 13, 2014 ",Burgers,"Lund, Sweden","Lunch includes a salad bar with an unexciting selection. The burger was fine, as were the fries, served on a large plate with unnecessary dishes of condiments. The place was pretty empty except for a group that seemed to be drinking. Would go back only...More"
Viggos_The_Bar,d7104393,[English],17,46,37.0,2,"September 12, 2014 ","Meh,","Malmo, Sweden","Not impressed with what I ordered. Had Penne ala Salmone for dinner. It was substandard in taste, and had too much dill. There are probably better dishes there, but based from my visit, it's poor.

Had to cook something upon getting home just to satisfy...More"
Viggos_The_Bar,d7104393,[Swedish],21,19,6.0,2,"August 3, 2017 ",Trist lunch,,"Best√§llde grillad lax med rotfrukter och min kollega best√§llde grillad kyckling.
Efter en evighetsv√§ntan f√∂r b√•de oss och resten av...More"
Viggos_The_Bar,d7104393,[Swedish],21,26,9.0,2,"July 21, 2017 ",Mycket kan f√∂rb√§ttras...,"Lund, Sweden",D√• man alltid kan f√• en plats h√§r n√§r resten av Lunds barer har fullt s√• har jag varit h√§r...More
Viggos_The_Bar,d7104393,[Swedish],21,7,6.0,3,"April 23, 2017 ",En trea - enbart f√∂r gott vin i kv√§llssolen.,"Lund, Sweden","Har ej testat maten, g√∂r nog inte det i framtiden heller. Ett kallt glas vitt vin i kv√§llssolen p√• deras...More"
Viggos_The_Bar,d7104393,[Swedish],21,60,16.0,5,"November 9, 2016 ",God varierande mat,"Stockholm, Sweden","Perfekt st√§lle f√∂r en aff√§rslunch eller middag, trevlig lokal med bra utbud av matr√§tter, fanns f√∂r alla smaker samt ett...More"
Viggos_The_Bar,d7104393,[Swedish],21,68,38.0,2,"September 8, 2016 ",Nja,"Lund, Sweden",Trevlig servitris i baren. Arter Work okej men oj s√• snuskiga toaletter. Trodde inte det fanns n√•gra st√§llen l√§ngre som...More
Viggos_The_Bar,d7104393,[Swedish],21,2,3.0,1,"September 2, 2016 ",S√§msta maten & bem√∂tandet,,Skulle inte rekommendera denna restaurangen till n√•gon . Efter att ha v√§ntat p√• maten i √∂ver en timme s√• var...More
Viggos_The_Bar,d7104393,[Swedish],21,2,3.0,1,"September 2, 2016 ",S√§msta maten & servicen,,Fick v√§nta √∂ver 1h p√• maten ... Som n√§r den v√§l kom in var n√§st intill o√§tlig . √ñver stekt...More
Viggos_The_Bar,d7104393,[Swedish],21,1,,1,"September 2, 2016 ",Mm,,"En plupp p√• denna skitresturang √§r minst en f√∂r mycket. Otroligt d√•ligt!
Om ni tycker om att v√§nta otroligt l√§nge...More"
Viggos_The_Bar,d7104393,[Swedish],21,8,,3,"June 28, 2016 ",Bra hamburgare ,,Ett OK st√§lle med hyfsade priser men utan de d√§r lilla extra. Vi √•t hamburgare dom fanns i m√•nga varianter...More
Viggos_The_Bar,d7104393,[Swedish],21,41,3.0,1,"April 30, 2016 ",Pinsamt d√•ligt,,"Vi skulle fira valborg jag och en v√§ninna. T√§nkte k√§ka gott men det gick i st√•! D√•lig service, b√∂rjade med...More"
Viggos_The_Bar,d7104393,[Swedish],21,80,22.0,2,"April 16, 2016 ",Skrattretande,"Lund, Sweden",Det mest positiva jag kan skriva om denna resturang √§r att de har mat. Det finns ocks√• personal som kanske...More
Viggos_The_Bar,d7104393,[Swedish],21,47,8.0,2,"January 21, 2016 ",Tr√•kigt st√§lle med tr√•kig mat,"Staffanstorp, Sweden","Har tidigare best√§llt hamburgare h√§r som alltid har varit ok
Skulle nu prova plankstek med n√∂tk√∂tt.

Var nog den torraste...More"
Viggos_The_Bar,d7104393,[Swedish],21,44,17.0,1,"January 10, 2016 ",Det mest horribla st√§llet jag n√•gonsin bes√∂kt,"Lund, Sweden","F√∂r det f√∂rsta, suspekt att v√§lja namnet Viggos, d√• Viggos redan finns i Lund som en v√§letablerad restaurang.
F√∂r det...More"
Viggos_The_Bar,d7104393,[Swedish],21,4,1.0,1,"October 20, 2015 ",Nej tack.,"Lund, Sweden","F√∂ll oss ej i smaken... Mindre bra mat, fruktansv√§rd service men en stor och bra uteservering... Det var det enda...More"
Viggos_The_Bar,d7104393,[Swedish],21,3,,2,"October 5, 2015 ",K√§nde oss inte v√§lkomna,,Otrevlig personal som fick en att k√§nna sig ov√§lkommen och i v√§gen. Maten tog tid och n√§r vi v√§l fick...More
Viggos_The_Bar,d7104393,[Swedish],21,140,65.0,1,"August 11, 2015 ","Torra, tjocka, √∂verstekta hamburgare","Malmo, Sweden","Hamburgare som var √∂verstekta och helt torra. Visserligen gjord p√• oxf√§rs, men det knastrade av brosk n√§r man tuggade. Tjockleken...More"
Viggos_The_Bar,d7104393,[Swedish],21,38,19.0,1,"July 16, 2015 ",S√§msta p√• hela resan! ,"Stockholm, Sweden",P√• ett s√§tt kunde man k√§nna p√• sig att man inte skulle bli n√∂jd n√§r man steg in i restaurangen....More
Viggos_The_Bar,d7104393,[Swedish],21,60,16.0,1,"May 13, 2015 ",Inte bra,"Stockholm, Sweden","Flottigt och fett inte att rekommendera, k√§ndes mer som en korvkiosk, detta √§r inte ett st√§lle man √§ter lunch p√•,...More"
Viggos_The_Bar,d7104393,[Swedish],21,2,,1,"May 9, 2015 ",Inte mycket positivt h√§r!,"Lund, Sweden",Mycket tr√•kig salladsbuffe d√§r det enda som verkade handgjort var de centimetertjockt skurna gurkskivorna. Br√∂det som serverades till salladen var...More
Viggos_The_Bar,d7104393,[Swedish],21,167,40.0,1,"January 6, 2015 ",Hak,"Lund, Sweden","M√∂rk och tr√•ng lokal, oftast mycket folk, ett av Lunds riktiga hak.Maten √§r s√•d√§r , bra priser men du f√•r...More"
Viggos_The_Bar,d7104393,[Swedish],21,45,2.0,3,"November 23, 2014 ",Folkligt!!,,"St√∂kigt ..men p√• ett trevligt s√§tt. 
Under sommaren passerar mycket folk in och ut men det √§r en trevlig atmosf√§r...More"
Viggos_The_Bar,d7104393,[German],3,6,1.0,3,"October 3, 2016 ","Essen gut, Toiletten ekelhaft ","Hamburg, Germany","Da wir die einzigen waren, mussten wir nicht lange auf unser essen (lachs) warten. Das Essen war wirklich in Ordnung...More"
Viggos_The_Bar,d7104393,[German],3,26,6.0,4,"March 2, 2016 ",Gem√ºtlich und abwechslungsreich,,"Das Angebot reicht von diversen kleinen Snacks √ºber Hauptspeisen, Kaffee und Kuchen sowie alkoholische Getr√§nke f√ºr den Abend. Das Ambiente...More"
Viggos_The_Bar,d7104393,[German],3,143,39.0,4,"October 10, 2015 ","Nettes Lokal, gutes Essen ","Vienna, Austria",Gutes Essen in zentraler Lage. Sowohl die Fischgerichte als auch die Burger waren gut und sind zu empfehlen.
Viggos_The_Bar,d7104393,[Norwegian],2,131,31.0,4,"April 16, 2017 ",Nydelig mat,"Playa de las Americas, Spain","Vi var innom og pr√∏vde entrec√¥te, Fish and chips og grillet kylling. Alle rettene var smakfulle med innslag av velsmakende...More"
Viggos_The_Bar,d7104393,[Norwegian],2,25,9.0,1,"March 24, 2017 ",D√•rlig mat!,"Bergen, Norway",Jeg og min far skulle ha noe lunsj f√∏r vi skulle videre. Maten var d√•rlig og servicen var heller ikke...More
Viggos_The_Bar,d7104393,[Dutch],1,79,19.0,3,"September 11, 2015 ","Goedkope, redelijke lunch met een groot glas koud bier",Leuven,"Viggos The Bar is gelegen in het levendige centrum van de studentenstad Lund.
Voor haute cuisine moet je hier niet...More"
Viggos_The_Bar,d7104393,[Italian],1,222,66.0,3,"December 13, 2016 ",niente di particolare,,siamo stati a pranzo e oltre al men√π per pranzo piuttosto striminzito gli hamburger il fish and chips e la...More
