[Danish],5,48,8.0,4,"August 25, 2016 ",God mad,"Lundby, Denmark","Dejlige italienske retter serveret p√• en overd√¶kket terrasse. Ved bes√∏get bl√¶ste det lidt, og midt p√• aftenen var det lidt...More"
[Danish],5,46,15.0,3,"January 2, 2016 ",Udm√¶rket sted,,"Var der 2. Januar. Udm√¶rket betjening og god mad, men desv√¶rre var der meget koldt og vi forlod stedet for...More"
[Danish],5,109,28.0,5,"March 18, 2015 ",Super mad og god atmosf√¶re,"Holsted, Denmark",Virkelig l√¶kker mad. Hyggelig k√¶lder med masser af atmosf√¶re. Rimelige priser. Venlig og kompetent betjening. Ikke egnet for gangbesv√¶rede.
[Danish],5,11,1.0,4,"October 1, 2018 ",God mad og hyggelig stemning.,"Lynge, Denmark",Vi var 6 voksne og 1 barn. Vi fik alle god mad til en fornuftig pris. De lavede endda en...More
[Danish],5,5,2.0,5,"October 17, 2015 ",Overraskende god mad til en fornuftig pris!,,"Vi fik anbefalet St√§ket af et par studerende, som m√∏dte om eftermiddagen. Egentlig havde vi andre planer, men da mange...More"
[Dutch],2,124,9.0,3,"August 22, 2017 ",Gezellig restaurant in het centrum van Lund,"Reeuwijk, The Netherlands","Gezellig Italiaans restaurant in het centrum van Lund. De risotto was uitstekend,  mijn frutti di mare vond ik Ok, maar...More"
[Dutch],2,64,6.0,5,"September 6, 2016 ",Lekker italiaans,"Sittard, The Netherlands","Leuk restaurant in centrum van Lund. Geen pizza, maar lekkere Italiaanse gerechten. Leuke attente bediening. Ook voor vegetari√´rs lekkere keuzes....More"
[English],68,214,59.0,5,"April 14, 2016 ",Great lunch!,"Lund, Sweden","I have been there now twice since it became an italian restaurant and both times I ate very good food.
The place itself is atmospheric, very nice, cosy. But it is easy in such an old building.
The decor is also very proper for the...More"
[English],68,10,2.0,4,"April 14, 2018 ",Great italian food in Lund,"Lund, Nevada","Went here on a date and we were both happy with our food. Their vegetarian options are limited, notably no vegetarian starters are offered but they could alter at least one (perhaps more) for vegetarians, but what we had was good. The setting is excellent...More"
[English],68,29,4.0,4,"April 21, 2016 ",Tasty lunch,"Skane County, Sweden",Enjoyed a well served lunch (veal) in old and charming surroundings. All in all: good food and service. Very cosy! Highly recommendable!
[English],68,80,51.0,5,"April 22, 2016 ",Perfect lunch!,"Lund, Sweden","We had lunch here and we don't regret it! This place has been remade and is now italian. The lunch was superb, and we will definitely come back. Soon! Lunch meny was very affordable."
[English],68,63,18.0,4,"April 23, 2012 ",Good restaurant in Central lund,London,Good quality  small but intimate restaurant serving a modest menu mainly focussing on Steaks and meat. I had the mix grill which was good. If you can ask to sit upstairs where the it is more intimate and relaxed.
[English],68,121,24.0,4,"August 10, 2017 ",Nice dinner with the family,"Lund, Sweden","Re-visited and had a nice Sunday dinner with the family. Great food, very friendly and efficient staff and the ambiance is great. Very family-friendly, with space and care taken for kids too."
[English],68,4,1.0,2,"August 12, 2015 ",Disappointed,,"For the starter, I chose the mussels which were well over cooked, almost sandy of dry-ness. I asked them for new mussels, which were very good.
But then my ""bloody"" fillet of beef came in well done and almost dry as well, I quickly decided...More"
[English],68,49,12.0,4,"August 12, 2016 ",Very nice pasta and good service!,"Amsterdam, The Netherlands","The weather was somewhat changing and at Staket we could sit at a covered terrace. The starters and especially the pastas were very good. The waitress was very friendly and the service was fast, but comfortable."
[English],68,18,5.0,4,"August 25, 2015 ",Really good fondue!,,"Over all the food at this restaurant is very nice, but if you have time, you should really try the fondue! Is is so so good! Perfect for a romantic dinner or for a night with friends!"
[English],68,3,1.0,5,"August 27, 2018 ",Excellent food!,"Lund, Sweden",Went here for lunch with my family and a friend who stayed over from London! I‚Äôve had lunch/dinner here many times and I‚Äôm always really happy with my food and service and I can bring my kids who‚Äôs 2 and 4! My friend was so...More
[English],68,19,7.0,5,"August 29, 2012 ",Delicious Swedish food,"Bristol, United Kingdom","Good for a romantic dinner, with excellent food, competent service, but a relatively weak wine list. Went there to eat in the oldest building in Lund, but because it was a warm summer Sunday they had everyone eating out on the nondescript terrace."
[English],68,173,401.0,4,"August 29, 2013 ",Juicy stake,"Stockholm, Sweden","Nice atmosphere in Lund, I ate lunch and dinner there
The meat was real good. The beer was cold, the wine was also good. 
A bit tricky to find parking."
[English],68,133,36.0,3,"August 29, 2015 ",Good food if you don't mind the cold.,"New York City, New York","Although the food was very good, I couldn't enjoy it. Although it was already August (2nd), it was too cold. They have an indoor part but it was closed. The adjacent section that was open was open air and although they had heat lamps, they...More"
[English],68,6,,4,"August 8, 2016 ",Great Italian Food in a Classy Setting,"Palm Springs, California","Went for a birthday dinner and was not disappointed! Food was fresh and delicious, but as in most restaurants in Sweden, it comes at a steep price. Great option if you are celebrating a birthday or anniversary. Interior is rustic, classy, and romantic. You can...More"
[English],68,357,107.0,2,"December 10, 2018 ",So and so,"Lund, Sweden","This restaurant is located in the absolutely city centre. They re wellknown for their pizza and its good, other dishes so and so"
[English],68,27,20.0,5,"December 26, 2014 ",authentic swedish food,Puerto Rico,"This restaurant in a basement in the middle of Lund, transports you to old time Sweden. We had no reservations, but they were very helpful and found room for us. The meal was delcious! The service was wonderful. This is definitely a must for authentic...More"
[English],68,59,17.0,4,"December 29, 2015 ",Very good,"Glostrup, Denmark",We did enjoy a nice and well tasting meal. Had made reservations but came 20 minutes early. Slight confusing host (owner) and not overly welcome .. but we got a table and from there we had a good evening.
[English],68,12,2.0,4,"December 30, 2016 ",good food | nice waitress | rude wellcome,,The restaurant is a nice small place in lund. We went there for lunch. The wellcome we got (I guess from the owner) was quite rude - very untypical for the people there. But we enjoyed the food and our stay there.
[English],68,148,127.0,4,"December 31, 2016 ",Great food and setting!,"Houston, Texas","Food was delicious - very well prepared and presented.

Menus in English and Swedish.

The building was built in 1570, so the ambiance is great and has lots of character.

My only complaint is about the service. We had a reservation for our large party,...More"
[English],68,1,1.0,4,"February 17, 2016 ",Bar,,I just came in there for a few glasses of red wine. Looks pretty cool inside. I'd recommend them more candles and chill music to create even better atmosphere.
[English],68,121,88.0,4,"February 22, 2017 ","Fine dining, beautiful restaruant and overall happy","Malmo, Sweden","Of course, it's easy to be more positive when the company is paying the bill, but I actually really enjoyed this dinner. We were a party of close to 20, so we had pre-ordered the main courses the day before. 
The interior of this restaurant...More"
[English],68,2,1.0,1,"February 6, 2016 ",This place ruined my birthday,,"Awful experience, they didn't give us the table for 15 min, took almost 2 hours to get our food and then they forgot to give me and my dad our food.. My girlfriend (a vegetarian) found one menu item which had some salami in the...More"
[English],68,216,80.0,4,"February 7, 2012 ","Good food, good service.","Province of Barcelona, Spain","Exceptionally modesi but a very good smalƒ± restaurant. ƒ∞t is very central and very nesr to the Catheadral. The food was very delicious. The presentation of the food was very elobrate.
The christe of the food served was a bit limited."
[English],68,7,8.0,3,"February 9, 2011 ",Dull restaurant in beautiful building,"Lund, Sweden","OK, but not more, when it comes to the food. No evidence of real passion for cooking."
[English],68,40,7.0,5,"February 9, 2016 ",Very fine Italian restaurant,Reykjavik,This is a non pizza very fine italian restaurant with good vines and bears menu. Nice old atmosphere
[English],68,30,13.0,4,"January 18, 2015 ",Excellent food!,"Berlin, Germany","Went to Staket several times and every time the food was excellent. The stakes are truly delicious and the fondue is great! 
If you can bare a somewhat slow service it is definitely worth a go!"
[English],68,6,,5,"January 26, 2017 ",Excellent food and service,"London, United Kingdom",Arriving just at the end of their lunch session I still got to choose a dish from their menu. Both the food and service were  great and I can very much recommend this restaurant to anyone coming to Lund!
[English],68,1,,2,"January 29, 2016 ",No salad,,"I got in 13:30 to get their lunch offer and left disappointed. The lunch offer included salad, ice water and coffee but when I got there, the only thing left in the salad bar was some sliced cucumbers. The waiters did not refilled or excused...More"
[English],68,1,1.0,3,"January 7, 2008 ",OK traditional Swedish cuisine in a very nice environment.,"Lund, Sweden",OK traditional Swedish cuisine in a very nice environment.
[English],68,486,156.0,3,"January 7, 2012 ",nothing special,"Lund, Sweden",This is an ok place to eat and an interesting building.  Food and service are average.
[English],68,165,57.0,5,"July 21, 2018 ",One of the best lunches I had on my trip,Nebraska,"White fish with a white wine sauce and capers, olives really enjoyed this lunch . 
The setting was open air so that was very nice and the restroom was clean and free."
[English],68,121,24.0,4,"July 29, 2015 ",Nice place for dinner,"Lund, Sweden","Newly re-opened as an Italian restaurant in a very old building, and when I tried it this summer I was pleased. The menu is varied and surprisingly extensive, and the pasta-dished were very good. Staff are nice and friendly, and sitting in the outside courtyard...More"
[English],68,420,229.0,3,"July 8, 2016 ",Not impressed ,,"We tried their lunch for 90 sek. They had today's meat, fish, sallad or pasta, all including sallad buffe, bread and water. The sallad buffe was a bit lame. Only tomatoes, cucumber and a mixed green sallad. The dressing was in an unappealing large bowl...More"
[English],68,44,20.0,4,"June 1, 2014 ","Nice experience, definitely worth a revisit","Seville, Spain",The restaurant gives you the option to sit on the ground level/outside or in the basement. We chose the basement which with its brick-walls elevates the experience. The food is very nice and the service personal friendly.
[English],68,125,30.0,5,"June 17, 2018 ",Very nice Italian restaurant in Lund,"Jyvaskyla, Finland","The restaurant is cosy, the food was great and the staff was very friendly and helpful. I tried ""carbonara alla st√§ket"" and the portion was quite big and I really liked it. The restaurant seems to be popular, so if you are a group of...More"
[English],68,61,32.0,5,"June 19, 2016 ",Italian meal in Sweden ,"Killarney, Ireland","Great food and service. The decor is really beautiful in one of the oldest buildings in Lund
I had the verdure then the mixed platter of meats and finally wonderful semifreddo"
[English],68,208,60.0,4,"June 3, 2014 ",Cozy,"Karlstad, Sweden","Located in the centre of Lund we had a very nice evening in the cellar with brick walls. We had fondue, which was very good with 6 different sauces. The service was quick and very friendly. The only negative thing was the noise level that...More"
[English],68,13,3.0,3,"June 7, 2008 ","Nice restaurant with good typical food. Didn't find anything intriguing in the dessert menu, which was unusual for me...","London, United Kingdom","Nice restaurant with good typical food. Didn't find anything intriguing in the dessert menu, which was unusual for me..."
[English],68,30,16.0,4,"June 8, 2012 ",beautiful meal!,Regensburg,"One of the best meals we had in Sweden. 
Great atmosphere, quick and very friendly service. Excellent value for money. One to return to!"
[English],68,108,42.0,4,"March 16, 2017 ",Nice Italian food in an old house,"Vantaa, Finland",We had a business meeting dinner at the basement room of restaurant St√§ket. The room was very beautiful but for a group of over 40 people the acoustics of the room was poor. During the whole dinner it was so noisy that you barely could...More
[English],68,29,7.0,5,"March 19, 2016 ",Wonderful Italian restaurant,,"Try their fabulous Sunday brunch buffet, which is more like a lunch buffet! Delicious Italian dishes, from starters to dessert. 
We visited three times during our stay and never were disappointed."
[English],68,61,11.0,4,"March 26, 2009 ",Excelletnt,Yep,Excelletnt
[English],68,5,8.0,3,"March 6, 2017 ",Ok restaurant,"Lund, Sweden",Nice little restaurant in the middle of the city. I ordered the fondue and was somewhat disappointed. It was a real pain to eat and I would only recommend the fondue if you want a light meal.
[English],68,19,4.0,5,"May 10, 2017 ",Truly Italian style,,"In a ancient and beautiful place this restaurant has a lot of Italian dishes made by native italians (not so common here), very good food and very kind service."
[English],68,198,79.0,4,"May 7, 2017 ","Good food, reasonable prices","Copenhagen, Denmark","Maybe the selection is a little limited (and the starters a bit boring) - and we are not talking fancy cooking, but plain good food at reasonable prices. We had the mixed grill for main - and no regrets there! The deserts are excellent -...More"
[English],68,17,2.0,3,"November 12, 2016 ",Sometimes good sometimes not so good,"Lund, Sweden","The buildings is one of the oldest in Lund, the restaurant is nice and it has a nice atmosphere. 
I've been there 4 times and the quality of food was never the same, once it was very nice but another time was very greasy. They...More"
[English],68,95,32.0,4,"November 17, 2014 ",Great atmosphere and Food,"Stockholm, Sweden","Staket is very central located. I haven been here on several occasions. The cellar has a great atmosphere and the service is fast and friendly.
I tried Fondue (it is very tasty with lots of different sauces and it is very social), planksteak, mixed meat....More"
[English],68,5,1.0,5,"November 17, 2015 ",Best meal we had in Denmark & Sweden.,"Clonmel, Ireland","Delicious, tasty dinner in historic building in the centre of Lund. Salmon was beautifully cooked & presented. Real buzz in downstairs dining room in historic vaulted warehouse. Most welcoming & jolly waiting staff."
[English],68,102,91.0,3,"November 23, 2016 ","Good food, slow service ","Vasteras, Sweden",Decent place in the center of Lund! Quite busy so book in advance! The food was excellent but service was a bit slow due to lack of staff! They have a fondue on the menu that is very popular but it looked like a potential...More
[English],68,60,30.0,3,"November 25, 2018 ",Both good and bad at the same time,"Lund, Sweden","We went as a couple to celebrate, and had made a reservation, so you'd expect to be greeted by a hostess, or anyone from the restaurant, but no. After waiting for a couple of minutes at the entrance and a few waitresses passing by, and...More"
[English],68,9,2.0,4,"October 15, 2015 ",Good but only one vegetarian dish on the menu.,Lund,"Very nice genuine Italian food. Only one vegetarian dish on the menu though, so it will be longer until my next visit than if there had been more to choose between."
[English],68,105,43.0,3,"October 16, 2016 ",Not bad yet not great either,"Lund, Sk√•ne L√§n, Sweden","First time at the 'new‚Äô Italian-style restaurant St√§ket. Not bad, not great - in fact pretty much somewhere in between. The food tasted well, albeit not fantastic, and came in rich portions. The waiters were friendly enough but to be fair, they were having a...More"
[English],68,85,42.0,4,"October 18, 2015 ","Good taste, freshly served","Viken, Sweden","New owners and a new kitchen - we had to try it, and we were not disappointed! Rich portions, well treated ingredients nicely served. During weekdays the basement is closed and seats are at upper floor. Good for minor groups (we were five people). We...More"
[English],68,30,7.0,5,"October 19, 2012 ",Excellent food and service,"Helsinki, Finland",Best duck and dessert! Service was friendly and not at all typically arrogant. A perfect end for a day.
[English],68,170,72.0,5,"October 24, 2017 ",Superb Italian Food,"Berlin, Germany","Went here for Sunday lunch with friends. The building is quirky but interesting and the restaurant atmosphere is nice and cozy. There is a big menu with loads of options, we had some pasta and risottos and they were all great! The portions were good...More"
[English],68,1,,4,"October 27, 2015 ",Very good,,"The food was very good and the owner was Italian so they didn't ""pretend"" to know how to make Italian food. I was very surprised with the variety of dishes they made available. Definitely a good place for a family lunch/dinner or a brunch with...More"
[English],68,21,21.0,5,"October 29, 2017 ",Amazing food!,"Keflavik, Iceland","Everyone at the table was super thrilled about how awesome their dish was and the result was a wonderful ""you HAVE to try this""-roundabout with the plates. 
Staff was very helpful and nice. The place has a really cozy atmosphere."
[English],68,35,9.0,5,"October 4, 2017 ",Great Italian restaurant ,Sweden,I took the risk of ordering pass futti di mare pasta after some bad experiences in other places in Lund. It was amazing good quality shellfish that I had to peel with my hands and al dente pasta in a rich oily sauce. We also...More
[English],68,36,14.0,5,"September 13, 2015 ","Cozy with superservice, Italian at its best outside Italy","San Francisco, California","As you climb the stairs you kind of climb into old castle like entrance, hunker down and after two planes its opens up to a amazing but smallish restaurant. You have to love those were the entrance build ut the expectation and the staff delivers...More"
[English],68,715,294.0,5,"September 14, 2017 ",Delightful !,"Kettering, United Kingdom","Last day in wonderful Lund and we were looking for a nice last dinner. Chose the Staket as it was an Italian. Great entrance, wonderful building. Great service, lovely clean toilets/ washrooms. I chose the Steak which was absolutely delicious. Colleague chose Carbonari, which he...More"
[English],68,2,,5,"September 15, 2017 ",every day lunch and dinner,"Copenhagen, Denmark","we go mostly once a week for lunch and the quality and variety of the food is excellent.
more rarely I go with the family for dinner, and the quality is the same: excellent.
The location is one of the most ancient building of Lund,...More"
[English],68,331,346.0,5,"September 17, 2015 ",Buffet lunch,United States,"Great deal....FRESH salad ( the tomatoes were incredibly sweet)....really tasty food.  This place is almost across the street from the tourist office. You go upstairs and it feels castle-like.  They have a choice of a fish, or pasta, or meat for a buffet which includes...More"
[English],68,59,31.0,5,"September 17, 2018 ",Best steak I‚Äôve had in Lund,"Huddersfield, United Kingdom",Visited one evening after reading trip advisor reviews because we fancied something tasty.. we weren‚Äôt disappointed üòãthe food was delicious ...
[English],68,65,42.0,5,"September 18, 2008 ",My favourite restaurant in Lund,"Graz, Austria","My favourite restaurant in Lund, have been lots of times and always had good food and good service, gorgeous old building too."
[English],68,5,,5,"September 18, 2016 ",Very nice restaurant,"Paris, France",The food is very good served in a quite elegant atmosphere...waitresses polite and prepared...A really nice experience. Prices just a bit above average
[English],68,486,156.0,3,"September 22, 2014 ",Noisy and ok food,"Lund, Sweden","We reserved a table to celebrate a friend's birthday.  We were looking forward to a nice meal and good conversation.  However, there was a screaming child in the restaurant which spoiled the atmosphere.  The fondue and plank steaks were ok but not the quality one...More"
[English],68,203,45.0,4,"September 27, 2017 ",Very good Italian style restaurant,"Malmo, Sweden","This is one of the best restaurants in Lund. It is located in a house built in the 1570's so it is a historic building with vaults. Last time I visited was in the late 70s and at that time it was a pizza place,...More"
[English],68,1,,1,"September 6, 2011 ",Horrible,"New York City, New York","The worste meal I ever had. The waitress was disrespectful towards us, the fondue was really terrible with disgusting sauces and the fries were burned."
[French],1,85,49.0,4,"November 4, 2015 ",Agr√©able italien,"Namur, Belgium",Le soir de notre arriv√©e a Lund nous avons pris le d√Æner dans ce restaurant sur conseil d'une amie s√©journant...More
[German],3,31,9.0,3,"January 30, 2012 ",hier kann mal hingehen,Mainz-Kostheim,"Man sitzt hier in einem Kellergew√∂lbe.Das Ambiente ist okay, riss mich aber nicht vom Hocker.
Das Essen war gut, wir...More"
[German],3,149,43.0,5,"July 29, 2017 ",Ein Highlight in unserem Urlaub,"Wilhelmshaven, Germany",Wir haben in diesem Lokal sehr leckere Pasta gegessen. Das Personal und der Service waren ausgezeichnet. Das Ambiente ist sehr...More
[German],3,9,2.0,4,"June 15, 2014 ",Gutes Essen zu vern√ºnftigem Preis,"Wil, Switzerland",Abendessen in Restaurants in schwedischen St√§dten sind relativ teuer. St√§ket bietet gute Mahlzeiten zu vern√ºnftigen Preisen in spezieller Atmosph√§re und...More
[Italian],12,212,108.0,4,"April 25, 2013 ",Accogliente e cibo buono,"Moncalieri, Italy","Bel ristorante, accogliente. Si scende sotto in una sorta di cantina. L'ambiente √® elegante e il personale molto gentile. Si...More"
[Italian],12,29,10.0,5,"December 16, 2018 ",Miglior ristorante italiano di Lund,"Rome, Italy","Nonostante dall'esterno e dal nome non sembri un ristorante italiano, il men√π dice tutt'altro. Personalmente ho trovato ottime le pappardelle...More"
[Italian],12,105,59.0,4,"February 23, 2015 ",Buono,,"Cucina svedese di ottima qualita'  servizio gentile , prezzo adeguato per i canoni della Svezia.
Dimenticatevi il pane, qui non...More"
[Italian],12,5,3.0,5,"January 29, 2018 ",Assolutamente Fantastico ,,"Il cibo √® buonissimo, abbiamo mangiato dal antipasto al dessert e tutto troppo buono. I prezzi sono ottimi visto la...More"
[Italian],12,34,18.0,4,"July 31, 2014 ",Curato e particolare,Formigine,"Ristorante ricavato all'interno di una vecchia osteria dei minatori del secolo scorso ha un fascino molto particolare, ideale nei freddi...More"
[Italian],12,25,12.0,4,"March 25, 2013 ",Un tuffo nel passato,,"Il locale √® veramente pittoresco, dall'ingresso di un vecchio edificio di mattoni rossi si scende in una cantina con i...More"
[Italian],12,174,45.0,4,"March 28, 2016 ",Vero cibo italiano,Emilia Romagna,Ottimi ingredienti e vero cibo italiano. Consigliata la parmigiana di melanzane e il tortino di patate. Lo chef e' siciliano...More
[Italian],12,144,72.0,3,"March 29, 2014 ",cucina svedese in un bell'ambiente,"Pescara, Italy",Nei ristoranti svedesi dove ho mangiato questo √® il migliore e cosa  che non guasta in un bel locale con...More
[Italian],12,38,12.0,5,"March 29, 2015 ",F-a-n-t-a-s-t-i-C-o,"Monza, Italy","Cercavamo un posto dove mangiare tipico cibo svedese, dopo una ricerca lunga √® inutile siamo incorse casualmente in questo posto....More"
[Italian],12,32,8.0,3,"May 19, 2017 ",Riwtorante pseudo-italiano,"Imperia, Italy","Ci siamo andati la prima sera del nostro soggiorno a Lund.
Ambiente bello e molto suggestivo e rustico, con pi√π...More"
[Italian],12,14,4.0,4,"November 6, 2017 ",La migliore cucina italiana a Lund.,"Lund, Sweden",Ho cenato pi√π di una volta in questo ristorante e devo dire sempre con piacere. ottima la pasta allo scoglio....More
[Italian],12,128,21.0,3,"September 28, 2016 ",Siciliani veri,"Province of Messina, Italy","Buon indirizzo a Lund. Cucina italiana autentica, nonch√© siciliana. Locale ampio, buona scelta e servizio pronto. Unico neo, un po'...More"
[Japanese],2,94,26.0,4,"May 23, 2016 ",ÁæéÂë≥„Åó„ÅÑ„Ç§„Çø„É™„Ç¢„É≥,,ÂêåÂÉö„Å®Â§ïÈ£ü„Çí„Å®„Çã„Åü„ÇÅ„Å´Ë°å„Åç„Åæ„Åó„Åü„ÄÇÂ†¥ÊâÄ„ÅØ„É´„É≥„Éâ„ÅÆ‰∏≠ÂøÉÈÉ®„Å™„ÅÆ„Åß„Ç¢„ÇØ„Çª„Çπ„ÅØËâØ„ÅÑ„Åß„Åô„ÄÇ„É°„Éã„É•„Éº„ÅØ„ÄÅÂâçËèú„ÄÅ„Éë„Çπ„Çø„ÄÅ„ÅäËÇâÊñôÁêÜ„ÄÅÈ≠öÊñô...More
[Japanese],2,80,47.0,4,"November 11, 2011 ",Èõ∞Âõ≤Ê∞ó„ÅÆ„ÅÇ„ÇãÁ¥†Êïµ„Å™„É¨„Çπ„Éà„É©„É≥,Tokyo,ÊúüÂæÖ„Åó„Å¶„ÅÑ„Å™„Åã„Å£„Åü„Å´„ÇÇÈñ¢„Çè„Çâ„Åö„ÄÅÈ†Ç„ÅÑ„Åü‰ªîÁâõ„ÅÆ„Ç´„ÉÑ„É¨„ÉÑ(?)„ÅØ„ÄÅÂ§ßÂ§âÁæéÂë≥„Åó„Åã„Å£„Åü„Åß„Åô„ÄÇ‰ªñ„ÅÆ‰∫∫„ÅÆ„É¨„Éì„É•„Éº„ÇíË¶ã„Çã„Å®ÁÇπÊï∞„Åå‰Ωé„ÅÑ„Åß...More
[Norwegian],1,4,,4,"April 25, 2017 ",Middag med gode kolleger,,Hyggelig middag med 4 gode kolleger i sentrum av Lund. Vi opplevde restaurantens personale som b√•de hyggelige og serviceinnstilte. Bestillingen...More
[Portuguese],2,5,1.0,5,"October 10, 2018 ",Great Food,,"√ìtimo op√ß√£o para almo√ßar ou jantar em Lund. Al√©m da √≥tima comida, abre todos os dias e tem um hor√°rio...More"
[Portuguese],2,25,10.0,4,"October 15, 2018 ",Ambiente muito agrad√°vel,,"Espa√ßo antigo bem decorado com excelente comida italiana. Fomos numa segunda feira por isso n√£o pudemos experimentar as pizzas, mas...More"
[Swedish],134,3,,5,3 weeks ago ,Jobbigt god pizza.,,"Genomresande p√• v√§g upp√•t landet halkade vi efter en s√∂kning p√• Pizza in p√• denna mysiga restaurang. Hj√§lpsam personal, trevlig...More"
[Swedish],134,13,,5,3 weeks ago ,En p√§rla i Lund,"Lund, Sweden",En trevlig kv√§ll med mycket bra service och trevlig personal. Vi var ett s√§llskap p√• 6 personer som √•t olika...More
[Swedish],134,1,,1,3 weeks ago ,Tr√•kig upplevelse,,"Tyv√§rr har standarden f√∂rs√§mrats avsev√§rt, vi √•t f√∂delsedagsmiddag f√∂r tre dagar sedan. Tv√• best√§llde medium rare entrecote som var full...More"
[Swedish],134,13,,3,3 weeks ago ,Kallt men gott,"Hassleholm, Sweden","Rekommenderas inte under vinterm√•naderna. Vi fr√∂s oss igenom hela m√•ltiden. Maten f√∂r √∂vrigt var helt ok. K√∂ttr√§tterna var v√§l medelm√•ttiga,...More"
[Swedish],134,2,1.0,5,4 weeks ago ,Otrolig mat och service,"Laholm, Sweden","Vi var ett s√§llskap p√• 7 d√§r alla √•t olika r√§tter. Maten kom samtidigt, allt smakade mycket bra och personalen...More"
[Swedish],134,64,11.0,5,"April 13, 2018 ",Lunch i s√§rklass,"Malmo, Sweden","Gamla k√§ra St√§ket i Lund. Jag har inte varit p√• denna klassiska restaurang p√• 25 √•r. Men, ig√•r fredagen den...More"
[Swedish],134,11,3.0,3,"April 14, 2017 ",Atmosf√§ren g√∂r att jag kommer √•ter,,Vid mina senaste bes√∂k har jag upplevt att personalen inte √§r s√• engagerade utan st√•r och h√§nger ganska mycket och...More
[Swedish],134,1,1.0,1,"April 16, 2018 ",Segt och senigt k√∂tt till fonduen.,"Angelholm, Sweden","Fantastisk trevlig medeltida byggnad!
MEN, tyv√§rr kan inte dessa kulturmilj√∂m√§ssiga v√§rden uppv√§ga den s√§msta k√∂ttfonduen vi n√•gonsin √§tit. K√∂ttbitarna (fransyska)...More"
[Swedish],134,56,9.0,3,"April 18, 2015 ","Har sett b√§ttre tider, men helt OK","Lund, Sweden","H√§r har jag √§tit flera g√•nger, och kvaliteten har varierat. Inte en gourmetupplevelse, men helt acceptabel mat och dryck. Kanske...More"
[Swedish],134,7,6.0,5,"April 22, 2017 ","Fint, smakrikt och trevligt bem√∂tande.","Lund, Sweden","En av de mysigaste restaurangerna jag har bes√∂kt i Lund, visst ljudniv√•n √§r lite h√∂gre i deras valv - men...More"
[Swedish],134,3,1.0,1,"April 23, 2016 ",En bedr√∂vlig upplevelse,,Vi var 12 hungriga golfare som sett fram emot en trevlig kv√§ll. Trots att vi f√∂rbest√§llt maten hade vi √§nnu...More
[Swedish],134,49,3.0,4,"April 29, 2018 ",Mysigt k√§llarvalv,,Mysiga k√§llarvalv och god mat. √Öt pasta och den var lagom kokt och v√§lsmakande. F√∂rr√§tterna var precis lagom stora med...More
[Swedish],134,113,15.0,2,"April 6, 2016 ",Ingen hit efter √§garbytet,"Stockholm, Sweden","Kan vara som s√• att denna typ av mat inte passer mig som person, men servicen var inte bra. Ni...More"
[Swedish],134,22,19.0,4,"April 7, 2016 ",Pasta f√∂r tv√•,,Det √§r alltid mysigt att √§ta p√• St√§ket. Dem har pasta och andra italienska r√§tter. Jag och sambon k√∂rde p√•...More
[Swedish],134,50,14.0,3,"August 1, 2014 ",Trevlig uteservering!,"Lund, Sweden",Mycket trevligt att sitta och √§ta p√• denna uteservering med trevlig personal. Vi tog lamm och hjort och bad att...More
[Swedish],134,1,,5,"August 1, 2018 ",Fantastisk f√∂delsedagslunch,"Copenhagen, Denmark",Vi var fyra personer som √•t lunch p√• St√§ket f√∂r n√•gra dagar sedan. En h√§rlig upplevelse p√• alla s√§tt. Vi...More
[Swedish],134,74,59.0,4,"August 12, 2013 ",K√§nn historiens vingslag,"Malmo, Sweden","Hit g√•r man fr√§mst f√∂r atmosf√§rens skull. Ett autentisk medeltidshus i centrala Lund. Maten dessutom klart b√§ttre √§n genomsnitt, ibland...More"
[Swedish],134,3,3.0,5,"August 18, 2015 ",Utm√§rkt!,"Lund, Sweden","Fantastiskt bra och v√§llagad mat. Fina lokaler och underbar personal. Kommer tillbaka fler g√•nger, UTAN minsta tvekan. √Ñntligen en kr√∂gare...More"
[Swedish],134,123,15.0,5,"August 19, 2017 ",B√§sta pastan i Lund,"Karlshamn, Sweden","Trevlig milj√∂, personal och gudomligt god pasta. Kommer igen. Tack f√∂r riktigt gott bem√∂tande och ordnande av plats trots att...More"
[Swedish],134,1,3.0,5,"August 20, 2016 ",Lydia,,Vilken kulinarisk upplevelse. M√•nga smaker jag ej testat tidigare men som snabbt blev favoriter. Vi fick v√§nta lite men det...More
[Swedish],134,22,11.0,4,"August 23, 2016 ",√Ñt din lunch i en medeltida byggnad,"Dalby, Sweden",En utm√§rkt lunchrestaurang med trevlig personal. En r√§tt som rekomenderas √§r plankstek eller pasta. Ligger mitt i centrum.
[Swedish],134,4,1.0,5,"August 24, 2012 ",God mat men dyrt,"Stockholm, Sweden",Maten var god och servicen var bra. Framf√∂r allt √§r det en gammal fin lokal. Dock √§r det f√∂r dyrt...More
[Swedish],134,540,77.0,4,"August 28, 2018 ",Mysig restaurang med bra mat,"Stockholm, Sweden","Vi var 16 personer f√∂r lunch och hade i och f√∂r sig f√∂rbest√§llt, men allt gick som p√• r√§ls och...More"
[Swedish],134,46,17.0,4,"August 29, 2016 ",Mys middag ,"Lund, Sweden","Mycket gott k√∂tt och mysig milj√∂
M√•nga trappor men det √§r det v√§rt
God mat och trevlig personal och bra...More"
[Swedish],134,7,9.0,1,"August 3, 2016 ",Matf√∂rgiftad och utsk√§lld,"Dalby, Sweden",Har varit ett mycket trevligt st√§lle att √§ta p√•. Tyv√§rr har det f√∂rvandlats n√•got enormt och numera avr√•der jag starkt...More
[Swedish],134,22,4.0,4,"August 3, 2017 ",Mycket bra ,"Uppsala, Sweden",En riktigt trevlig restaurang med bra mat och trevlig personal. Alla r√§tter k√§ndes v√§ldigt v√§llagade och priserna var l√•ga utifr√•n...More
[Swedish],134,2,,5,"August 31, 2018 ",Helt klart v√§rt ett bes√∂k!,,"Centralt bel√§gen, mysiga lokaler, trevlig personal och v√§ldigt bra mat!  Vi √•t en pasta, Pappardelle del Bosco, och en pizza,...More"
[Swedish],134,58,23.0,4,"August 4, 2016 ",God pasta i n√•got udda milj√∂,,"F√∂r mig som studerat i Lund s√• √§r St√§ket synonymt med plankstek, men sedan ett drygt √•r √§r det italienskt...More"
[Swedish],134,80,51.0,5,"August 5, 2014 ",Perfekt lunch,"Lund, Sweden","Lunchen var riktigt god. Vi √•t oss m√§tta b√•da tv√• och var riktigt n√∂jda med maten. Atmosf√§ren √§r riktigt mysig,...More"
[Swedish],134,30,7.0,4,"August 6, 2016 ",Mycket god carbonara,"Staffanstorp, Sweden","Vi var f√∂rsta g√§sterna att anl√§nda, och vi hade nog v√•ran mat p√• bordet redan efter 10 minuter efter best√§llningen....More"
[Swedish],134,1,1.0,3,"December 10, 2018 ",Opersonligt och og√§stv√§nligt,,"Jobbar sj√§lv p√• resturang och blev f√∂rv√•nad av personalens bem√∂tande och hantering av v√•ra √∂nskem√•l.

Hade bokat bord f√∂r tre...More"
[Swedish],134,19,5.0,3,"December 11, 2018 ",Gott men dyrt,"Solvesborg, Sweden","Var med familjen f√∂r och fira lite, tog oxfil√© som var perfekt tillagad, potatisgrat√§ngen var god men bara ljummen n√§r...More"
[Swedish],134,119,16.0,3,"December 14, 2016 ",H√∂g ljudvolym ,"Trollhattan, Sweden",Var och representerade och satt i k√§llaren. Det sv√•rt att konversera pga ljudvolymen. Jag √•t mixtallrik och den var inte...More
[Swedish],134,112,27.0,5,"December 17, 2015 ","Mysig st√§mning, fantastiskt mat!",,"Fantastiskt mysig milj√∂, trevlig och tillm√∂tesg√•ende personal och maten var suver√§n! Kan varmt rekommendera restaurangen. Testade musslorna till f√∂rr√§tt -...More"
[Swedish],134,35,10.0,4,"December 18, 2015 ","Mysig milj√∂ med god, v√§llagad mat och gemytlig atmosf√§r.",,"Det ""nya"" St√§ket har bytt ut menyn till Italienska med Italiensk inspirerad mat som varvats med svenska smaker och grillade...More"
[Swedish],134,34,7.0,3,"December 19, 2016 ",Bra p√• k√∂tt,"Lund, Sweden","Milj√∂n √§r fin, medeltida charm, men doften av frityr och fondue √§r stark. Vi tog pasta, men har tror att...More"
[Swedish],134,81,7.0,3,"December 22, 2015 ",Bra,"Lund, Sweden",Dyrt. Men gott. Dock √§r det anstr√§ngd fin mat. Mycket konstiga grejer till. Men det √§r ju helt enkelt smaksak....More
[Swedish],134,24,3.0,5,"December 22, 2017 ",Mysig restaurang med God mat.,,"F√∂r oss som har tillbringar/at mycket tid i Lund k√§nner troligtvis till ""St√§ket"". De flesta av oss i positiv bem√§rkelse....More"
[Swedish],134,7,1.0,4,"December 23, 2018 ",Mycket god mat,,"Fonduen √§r v√§lk√§nd och mycket bra. Kvalite p√• all mat och bra service. Gammla lokaler, speciellt i k√§llaren √§r det...More"
[Swedish],134,42,6.0,3,"December 28, 2015 ",Italienare i klassisk lundamilj√∂,,Klassiska St√§ket har blivit italiensk. Fantastisk milj√∂ och en restaurang som √§r helt okej. Bra utbud av matr√§tter. De f√∂rr√§tter...More
[Swedish],134,64,15.0,4,"December 28, 2018 ",Mycket god lunch.,"Partille, Sweden","Vi var 4 personer som √•t lunch, tre olika r√§tter: lasagne, stekt fl√§sk och panerad torsk. Alla var v√§ldigt n√∂jda,...More"
[Swedish],134,80,22.0,3,"December 30, 2016 ",God fisk,"Lund, Sweden","Trevlig milj√∂ men besv√§rligt att ta sig dit om man har sv√•rt att g√• i trappor. Bra personal, snabb och...More"
[Swedish],134,2,8.0,2,"December 9, 2015 ",Svennemat som l√•tsas vara italiensk,"Lund, Sweden","P√• matsedelns f√∂rsta sida p√•st√•s att St√§ket, till skillnad fr√•n andra italienska restauranger i Sverige, lagar italiensk mat s√• som...More"
[Swedish],134,47,14.0,3,"February 12, 2018 ",Fondue,"Trelleborg, Sweden",En trevlig middag i familj/ v√§nners lag. I denna fantastiska milj√∂. Kan bara bli bra. Fonduen var ok. dock saknades...More
[Swedish],134,1,1.0,2,"February 14, 2018 ",Alla hj√§rtans dag,"Lund, Sweden",Stor besvikelse. En torsk f√∂r n√§stan 300 kr ska smaka mer √§n ingenting och inte vara totalt √∂verkokt. Oliverna som...More
[Swedish],134,60,4.0,3,"February 15, 2015 ",Klassisk mat i klassisk milj√∂,"Lund, Sweden",N√§r man blir sugen p√• fondue i Lund √§r St√§ket det givna m√•let. Fondue-menyn erbjuder inga √∂verraskningar men √§r fullt...More
[Swedish],134,38,6.0,4,"February 17, 2018 ","Vacker milj√∂, god mat","Ystad, Sweden","Maten var god, v√§l tillagad. Jag √•t oxfil√©, pasta √•t √∂vriga som var mycket n√∂jda. Lite f√∂r h√∂g ljudniv√•."
[Swedish],134,21,,4,"February 20, 2018 ",Middag med historia,,"Restaurang i flera etage, dels i mysiga k√§llarvalv och dels uppe p√• loftet. Mycket god italiensk mat. Trevlig personal. Nackdelen...More"
[Swedish],134,33,9.0,4,"February 21, 2016 ",Mysig restaurag med god pasta,"Stockholm, Sweden","Mysig restaurang i k√§llaren med tegelv√§ggar centralt i Lund , super god pasta med skaldjur och gott vin. Trevlig personal....More"
[Swedish],134,2,2.0,5,"February 5, 2016 ",Ny √§gare.,"Landskrona, Sverige","St√§ket har f√•tt nya √§gare, och det m√§rks verkligen. 

Jag har varit p√• st√§ket f√∂rr och varit allt annat √§n...More"
[Swedish],134,9,4.0,1,"January 11, 2014 ",Besviken.,,"Best√§llde en r√§tt med b√•de fl√§sk och n√∂tk√∂tt, potatisstavar och r√∂dvinss√•s. B√•da k√∂ttbitarna var h√•rt stekta (well done) och d√•ligt...More"
[Swedish],134,40,11.0,5,"January 13, 2016 ",J√§ttegott!,"Hassleholm, Sweden","F√∂rsta g√•ngen vi var h√§r idag. Vi √•t tupp och oxfil√© m tillbeh√∂r, j√§ttegott alltihop. Maten var toppen, lokalerna trevliga,...More"
[Swedish],134,36,11.0,3,"January 21, 2017 ",Blandad matupplevelse OCH service,"Stockholm, Sweden","Fantastisk lokal och otroligt goda pastar√§tter
Tyv√§rr tappas k√§nslan av superbra bort n√§r Fondue grytan kommer in 15 minuter efter...More"
[Swedish],134,23,13.0,4,"January 25, 2018 ",God mat och perfekt service,"Malmo, Sweden",Vi var tre personer som √•t middag h√§r p√• en torsdag. Vi √•t alla Gnocchi med fl√§skfil√© och det var...More
[Swedish],134,14,5.0,2,"January 5, 2018 ",Ingen h√∂jdare,,Medelm√•ttig mat i ganska mysig lokal. Man verkar f√∂rs√∂ka kompensera kvalitet med m√§ngd. N√§r vi p√•pekade den r√∂da kycklingen s√•...More
[Swedish],134,1,2.0,5,"January 9, 2017 ",Underbart restaurang bes√∂k,"Kavlinge, Sweden",Restaurang St√§ket levererar alltid dag som kv√§ll p√• top! Fantastisk mat och trevlig personal. Tack ‚ù§‚ù§‚ù§
[Swedish],134,30,12.0,1,"July 12, 2018 ","Trevligt, men tyv√§rr d√•lig mat",,Vi bes√∂kte St√§ket i hopp om god mat och trevlig atmosf√§r.. den best√§llda laxen var lax men oxfil√©n f√∂r 289:-...More
[Swedish],134,10,,4,"July 14, 2018 ",Aw,,Ny √§gare och fin milj√∂. God plankstek. Och k√§nda f√∂r sin fondu. Har √§ven ost fondu. Fin k√§llare och sitta...More
[Swedish],134,38,19.0,3,"July 15, 2015 ",Varken bu eller b√§! ,"Stockholm, Sweden","Vi var och √•t lunch. Tyckte dock att de hade lite roligare lunchval √§n m√•nga andra lunchst√§llen. 
Maten var dock...More"
[Swedish],134,150,36.0,3,"July 17, 2015 ",Nya √§gare,"Malmo, Sweden",St√§ket har nya √§gare med italiensk pr√§gel. Maten var god och vackert upplagd med violer och f√§rgad f√§nk√•l. Personalen trevlig...More
[Swedish],134,16,5.0,4,"July 17, 2015 ",H√∂g l√§gstaniv√•,,"Jag har, sedan St√§ket sadlade om till italiensk restaurang, k√§kat ett par luncher d√§r. Det √§r bra eller b√§ttre om...More"
[Swedish],134,1,,5,"July 18, 2018 ",God mat,"Malmo, Sweden",Vi var p√• St√§ket ig√•r och blev positivt √∂verraskade. De var v√§ldigt duktiga med barnen och service-minded personal. Jag √•t...More
[Swedish],134,1,,5,"July 18, 2018 ",Fantastisk middag,,"Fantastisk middag p√• fina St√§ket. Vi t√§nkte √§ta fondue men den hade semester-uppeh√•ll, vi tog italiensk a la carte ist√§llet...More"
[Swedish],134,4,1.0,2,"July 19, 2016 ",Sn√•la portioner,,"Vi √•t en gorgonzola sallad och en gnocchi  pasta. Salladen inneh√∂ll tv√• sm√• ostbitar och √∂vriga ingredienser, smakade ok. Pastan...More"
[Swedish],134,1,1.0,5,"July 22, 2015 ",Utm√§rkt!,"Malmo, Sweden","God mat och mysig atmosf√§r, personalen var trevlig.
P√• sommaren √§r det perfekt att sitta p√• uteserveringen och p√• vintern...More"
[Swedish],134,2,1.0,2,"July 26, 2016 ",D√•lig service,,Vi var sex personer. 5 serverades huvudr√§tten samtidigt. N√§r den sista huvudr√§tten serverades hade de √∂vriga sedan l√§nge avslutat sin...More
[Swedish],134,1,3.0,4,"July 26, 2016 ",Mysigt och snabb service!,,"Supermysig atmosf√§r med snabb service och gott vin. Testade olika typer av r√§tter; fisk, k√∂tt och pasta, alla var v√§llagade...More"
[Swedish],134,5,,4,"July 28, 2017 ",Trevlig servitris,,"J√§ttetrevlig serveringspersonal, vi ville ge dricks till henne,men n√•gon annan kom och tog betalt. Mycket god f√∂rr√§tt √§ven fina pastar√§tter...More"
[Swedish],134,5,3.0,5,"July 29, 2015 ","Nya √§gare, ny stil, men fortfarande h√∂gsta klass!","Lund, Sweden","Efter att ha varit en institution i Lunds uteliv s√• har St√§ket bytt √§gare. Med den nya, fr√§scha anklangen s√•...More"
[Swedish],134,14,2.0,5,"July 29, 2018 ","God mat, mysig milj√∂ och trevlig personal","Bromma, Sweden","Brukar ofta √•terkomma hit n√§r jag √§r i Lund, och det √§r helt enkelt f√∂r att det √§r s√• trevligt...More"
[Swedish],134,46,17.0,5,"June 11, 2017 ",Mycket god s√∂ndags lunch,"Lund, Sweden","Mycket god s√∂ndags lunch
Rekommenderar deras choklad mouse mmmm
Mycket bra och tillm√∂tesg√•ende service
Vi fick sitta p√• deras terass...More"
[Swedish],134,175,66.0,1,"June 2, 2012 ",Vidrigt!,"Lund, Sweden",2/6 matr√§tter var bra. De som inte var bra var s√• d√•liga att det var ett sk√§mt. H√§lleflundran var nog...More
[Swedish],134,83,6.0,4,"June 4, 2016 ",Mysigt st√§lle,"Vasteras, Sweden",Mysigt gemytligt st√§lle med √∂verlag god mat. Dock lite besviken p√• k√∂ttet som var f√∂r genomstekt ( bad om medium/...More
[Swedish],134,32,8.0,2,"June 7, 2018 ","Besviken, inte prisv√§rt",,St√§ket har med sitt l√§ge och k√§llarvalv alla m√∂jligheter att sticka ut. Tyv√§rr s√• var senaste bes√∂ket en total besvikelse....More
[Swedish],134,98,16.0,3,"March 1, 2017 ",Mysigt men...,"Lund, Sweden",St√§ket √§r en klassisk Lundarestaurang. Efter √§garbyte f√∂r n√•gra √•r sedan √§r det nu ett italienskt k√∂k. Sj√§lva byggnaden √§r...More
[Swedish],134,121,430.0,4,"March 11, 2015 ",Ett autentisk medeltidshus fr√•n 1500 talet,"Lund, Sweden","Ett autentisk medeltidshus i centrala Lund. 
En restaurang som √§r mest k√§nd f√∂r sin Fondue-menyn och serveras i k√§llarplanet som...More"
[Swedish],134,7,3.0,5,"March 15, 2016 ","Mycket god mat, trevlig atmosf√§r och personal","Lund, Sweden","St√§ket √§r inritad p√• italiensk mat, och g√∂r det bed bravur. Man v√§ljer sin huvudr√§tt och sedan ett tillbeh√∂r vilket...More"
[Swedish],134,108,12.0,3,"March 16, 2018 ",Mysig italienare,"Stockholm, Sweden",God mat i trevlig milj√∂. St√§llet kan k√§nnas lite som en turistf√§lla men v√§l inne blev vi v√§l behandlade och...More
[Swedish],134,4,1.0,3,"March 2, 2018 ",Lokalen b√§ttre √§n maten,,"Mysig lokal under k√§llarvalven. Trevlig personal. 
Men min gnocci med fl√§skfil√© f√•r inte h√∂gt betyg.
K√∂ttet torrt, h√•rt och med...More"
[Swedish],134,58,10.0,4,"March 6, 2016 ",Riktigt bra pasta!,,"Vi hade tur att f√• ett bord, det √§r nog inte s√• att det alltid finns en l√∂rdagskv√§ll vid 20.00....More"
[Swedish],134,10,,4,"March 6, 2018 ",Lunch,"Trelleborg, Sweden","Jag och tv√• kollegor √•t lunch p√• St√§ket. 
Dagens tv√• alternativ samt veckans pasta kostar 95kr. 
Jag valde pastan, f√§rsk...More"
[Swedish],134,123,23.0,1,"May 16, 2016 ","Otroligt l√•ngsam och d√•lig service, lite mat f√∂r pengarna","Kavlinge, Sweden",Vi var h√§r p√• en middag med ett par v√§nner och hade bokat bord. Hade dock inte beh√∂vts d√• restaurangen...More
[Swedish],134,1,1.0,5,"May 17, 2016 ",√ñver f√∂rv√§ntan!,"Lund, Sweden","Trevlig restaurang som f√•tt ett klart lyft efter √§garbytet. Fin inredning, bra mat och trevlig service. 
Rekommenderas alla dagar i...More"
[Swedish],134,220,47.0,3,"May 17, 2017 ",Ny regim men....,"Kavlinge, Sweden",St√§ket √§r en gammal matinr√§ttning i Lund som v√§l √§r mest k√§nt f√∂r matsalen nere i k√§llarvalven. Men i k√§llarvalven...More
[Swedish],134,61,17.0,4,"May 20, 2016 ",Lyxig skaldjurspasta,"Gnesta, Sweden",Jag √§r egentligen inte en s√•dan person som √§ter pasta p√• restaurang (√§r lite sn√•l d√• det g√§ller att betala...More
[Swedish],134,7,5.0,3,"May 27, 2017 ",Examensfirande,"Lund, Sweden",Vi var h√§r i juni 2016 f√∂r att fira min son och sv√§rdotter som tagit sina examen med en veckas...More
[Swedish],134,71,19.0,5,"May 6, 2015 ",En Klassiker.,"Eslov, Sweden",Restaurang St√§ket i Lund √§r en riktig klassiker med gamla traditioner. Fantastisk atmosf√§r i det gamla stenhuset. Man riktigt k√§nner...More
[Swedish],134,112,27.0,4,"May 7, 2017 ",Fondue - v√§lsorterad och bra pris,,"Vi testade fondue som skulle vara bra. Fri p√•fyllning av allt, bra pris p√• runt 250 kr/portion. Det var gott....More"
[Swedish],134,72,12.0,3,"November 10, 2016 ",Medelm√•ttigt men mysig milj√∂,,"Maten √§r medelm√•ttig. Tyv√§rr √§r servicen l√•ngsam, dock trevlig.
Jag fick in en kylsk√•pskall buffelmozzarella till f√∂rr√§tt som jag utan...More"
[Swedish],134,54,11.0,5,"November 11, 2017 ",H√§rlig familjemiddag f√∂r tre generationer,"Malmo, Sweden",Mycket trevlig och lyh√∂rd personal tog hand om oss p√• ett utm√§rkt s√§tt. Vi firade en f√∂delsedag med tre generationer....More
[Swedish],134,123,15.0,4,"November 11, 2017 ",Pasta p√• h√∂g niv√•,"Karlshamn, Sweden","Trevlig service, snabbt att f√• in maten √§ven i stort s√§llskap. Boka bord f√∂r h√§r √§r som gott alltid fullt....More"
[Swedish],134,8,1.0,4,"November 14, 2017 ",Fantastiskt gott,"Mjolby, Sweden","Underbar milj√∂ med trevlig personal! Fanns mycket gott italienskt att v√§lja p√•, n√•got i √∂vre prisklassen men man f√•r vad...More"
[Swedish],134,9,1.0,4,"November 17, 2012 ",God mat med en mysig atmosf√§r,"Solna, Sweden",Riktigt god mat och mycket trevliga lokaler. Kunde ha varit lite b√§ttre service fr√•n personalen. Jag √•t hjortstek och det...More
[Swedish],134,8,7.0,2,"November 18, 2017 ",D√•lig service,"Taby, Sweden","Hit g√•r vi nog inte tillbaka. Visst √§r det mysig milj√∂, men vi som g√§ster fick inte s√§rskilt mycket uppm√§rksamhet....More"
[Swedish],134,24,2.0,4,"November 18, 2018 ",Mysig restaurang i centrala Lund,"Jonkoping, Sweden","De hade kunnat bli 5 men ser man till den totala upplevelsen blir det en 4.
Maten vi best√§llda var...More"
[Swedish],134,14,5.0,2,"November 2, 2014 ","Mycket mat, men os√§kert ursprung!",,Vi √•t s√∂ndagsmiddag fr√•n √° la carte-menyn! Planksteken var rikligt tilltagen men k√∂ttet var lite segt och n√•got smakl√∂s! En...More
[Swedish],134,15,1.0,4,"November 20, 2015 ",Utm√§rkt restaurang i centrala Lund,"Trelleborg, Sweden","En trevlig och gemytlig restaurang i byggnad fr√•n 1500-talet. Trevlig och serviceinriktad personal. Maten var ny f√∂r oss, d√• det...More"
[Swedish],134,4,,4,"November 25, 2018 ",9 √•r,,J√§tte god mat och framf√∂r allt efterr√§tten var smarrig. Trevlig personal och romantisk st√§mning .Kanske lite f√∂r dyrt.
[Swedish],134,16,10.0,5,"November 26, 2015 ",St√§ket - klart √∂ver f√∂rv√§ntan,Sweden,"Fin milj√∂, trevlig personal med ett leende p√• l√§pparna.
Maten - bland det b√§sta jag √§tit I Lund.
Vi var...More"
[Swedish],134,342,161.0,2,"November 28, 2015 ",Kall mat,Lund,Trevlig milj√∂ i ett av Lunds √§ldsta hus. De nya √§garna f√∂rs√∂ker g√∂ra St√§ket till en Italiens restaurang men de...More
[Swedish],134,14,2.0,5,"November 6, 2014 ",Gourme,"Lund, Sweden","Valet av restaurang f√∂r inmundigande av middag tillsammans med v√•ra bes√∂kande g√§ster fr√•n Norge, s√•gs efter tidigare erfarenhet, v√§ldigt enkel...More"
[Swedish],134,38,8.0,4,"November 6, 2016 ",Middag,"Kavlinge, Sweden",Trevlig restaurang och mycket god mat. Lite missar i servicen men annars var det en bra kv√§ll. Vinet var gott....More
[Swedish],134,24,,4,"November 8, 2017 ",Mysig milj√∂ med bra mat i trevligt s√§llskap,"Ingelstad, Sweden","√Öt middag h√§r i anslutning till konferens. √Öt 3-r√§tters (carpaccio, oxfil√©, b√§r-efterr√§tt). H√§rlig milj√∂ och maten bra. Milj√∂n/lokalen √§r mitt...More"
[Swedish],134,69,4.0,4,"November 8, 2017 ",St√§ket √§r en bra italiensk restaurang i Lund,,En av mina absoluta favoriter i Lund. K√∂r b√•de lunch och kv√§llsmat.  Har bara varit d√§r p√• kv√§llen med familjen...More
[Swedish],134,59,40.0,1,"November 9, 2016 ",Undvik,"Lund, Sweden","√Öt fondu h√§r en s√∂ndagkv√§ll, inte m√•nga g√§ster i lokalen. Maten var inte speciellt god, servicen var l√•ngsam och vi...More"
[Swedish],134,60,16.0,5,"November 9, 2016 ",B√§sta plankan i sk√•ne,"Stockholm, Sweden","Deras planka med 4 olika k√∂tt i intressanta former √§r helt oslagbar, mysig lokal med valv
och enormt trevlig personal,...More"
[Swedish],134,8,4.0,2,"November 9, 2016 ",Inte s√• bra...,,"Medelm√•ttig, ganska tr√•kig mat utan ambition, i ganska tr√•kig milj√∂.Lagom trevlig personal utan k√§nsla f√∂r service."
[Swedish],134,2,,3,"October 1, 2016 ",Trevlig milj√∂ men medelm√•ttig mat.,"New York City, New York","Nu har jag varit p√• ""nya"" St√§ket tv√• g√•nger senaste m√•naden, och jag blev tyv√§rr besviken igen. F√∂rsta g√•ngen √•t...More"
[Swedish],134,1,7.0,1,"October 11, 2018 ",Undvik st√§ket,,Vi var en grupp om nio personer som bes√∂kte st√§ket en torsdag kv√§ll. Det var mycket folk och ljudniv√•n √§r...More
[Swedish],134,4,1.0,2,"October 14, 2018 ",181015,"Lund, Sweden","Inget bra! Tog musslorna som var f√∂rkokta, torra och halv ljummen mat. 
Pizzan tog min son som var helt ok...More"
[Swedish],134,39,7.0,4,"October 19, 2015 ",Dagens,"Saxtorp, Sweden","Mycket bra mat v√§llagad smakrik.
Trevlig milj√∂. Popul√§rt mycket folk.
Trevlig personal. Bra ordning. 
Bra l√§ge. Lite jobbiga trappor f√∂r...More"
[Swedish],134,59,4.0,4,"October 19, 2018 ",Middag med kollega,"Vaxjo, Sweden","Mysigt st√§lle med god mat. Italiensk restaurang. St√§llet ligger i ett gammalt typiskt sk√•ne hus. 
Helt okej service trots att...More"
[Swedish],134,4,1.0,5,"October 20, 2015 ",Utm√§rkt.,"Lund, Sweden","Hittade sj√§lv denna restaurang via tripadvisor, b√•de positiva och negativa omd√∂men. Det enda jag kan s√§ga efter v√•rt f√∂rsta bes√∂k...More"
[Swedish],134,98,9.0,3,"October 23, 2018 ",F√∂delsedagsfirande,"Veberod, Sweden","Hade bokat bord i k√§llaren f√∂r att avnjuta fondue,jag kom tidigare och erbj√∂ds att sitta till bords o ta ett...More"
[Swedish],134,21,5.0,5,"October 25, 2015 ","Mycket god mat, h√∂g service, trevlig milj√∂","Lund, Sweden",Vi var 8 st arbetskollegor som √•t middag p√• restaurang St√§ket som fick √•tta nya ambassad√∂rer. Alla best√§llde olika och...More
[Swedish],134,360,35.0,4,"October 27, 2013 ",Stickan,"Lovestad, Sweden",En restaurang med gamla anor fr√•n 1500-talet. K√§llarplanet √§r v√§l den del som √§r √§ldst med sina teglade valv. Bara...More
[Swedish],134,5,4.0,5,"October 3, 2015 ",Supergod l√∂rdagsmiddag ,,"J√§tte god middag f√∂r familjen med underbar service och gott vin! Vi √•t oxfil√©, torsk och pasta allt var j√§ttegott."
[Swedish],134,23,4.0,3,"October 3, 2016 ",Halvbra,"Lund, Sweden","Vi satt nere i k√§llarvalvet och blev direkt imponerade av lokalen, fr√•n slutet av 1500-talet, fylld med t√§nda ljus. Det...More"
[Swedish],134,55,13.0,4,"October 4, 2015 ","Alltid bra p√• St√§ket, sk√§rpning med Bruschettan","Stenungsund, Sweden","Mysigt och trevligt, lagom tryck. B√∂rjade med Bruschetta. Denna var inte den b√§sta jag haft. D√•ligt med salt och kryddor...More"
[Swedish],134,1,8.0,1,"October 6, 2016 ",Inte att rekommendera!,,"Alla vi 40 g√§ster hade f√∂rbest√§llt vad vi √∂nskade √§ta enligt √∂nskem√•l fr√•n St√§ket. Vi kom 18, f√∂rr√§tterna b√∂rjade serveras...More"
[Swedish],134,5,,4,"September 11, 2015 ",Mysig italiensk restaurang,,"Trevligt, serviceminded personal, god mat. Var d√§r fredagkv√§ll, mycket folk men √§nd√• snabb servering. Den italienska √∂len rekommenderas"
[Swedish],134,45,2.0,4,"September 12, 2017 ",Atmosf√§r!,,"Dinera med k√§nslan av att befinna l√•ngt tillbaka i tiden.
Dessutom √§r mat och service utm√§rkt.
V√§l v√§rt ett bes√∂k...More"
[Swedish],134,57,3.0,4,"September 16, 2018 ",Mysig restaurang med bra service och god mat,,Vi hade bokat bord d√• det var Kulturnatten i Lund med mycket folk ute. Vi satt nere i valven som...More
[Swedish],134,10,1.0,3,"September 16, 2018 ",Fin byggnad mitt i Lund,"Stockholm, Sweden","Maten √§r okej, varken mer eller mindre. B√§sta valet √§r deras seafood tallrik. Ett bra vin sortiment."
[Swedish],134,36,29.0,3,"September 18, 2016 ",B√•de plus och minus,"Hassleholm, Sweden",Interi√∂rt √§r detta en mycket trevlig restaurang med h√∂g mysfaktor. Vilket var anledningen till att jag valde att f√∂rl√§gga min...More
[Swedish],134,9,4.0,3,"September 26, 2015 ",Generellt bra men...,,"Bra mat av bra kvalit√©, fin och rustik byggnad men fin interi√∂r, men √§garen har tyv√§rr taskigt attityd mot sin...More"
[Swedish],134,49,3.0,4,"September 3, 2017 ",Middag under humorfestivalen,"Rydeback, Sweden","Gott och rikligt, mycket folk, fick k√∂a i 1 h och mycket att g√∂ra f√∂r personalen men vi tog 5...More"
[Swedish],134,8,4.0,2,"September 30, 2017 ","Nonchalant personal, men god mat","Gothenburg, Sweden",Det f√∂rsta vi upplevde och som bibeh√∂lls var en bra och mysig st√§mning som den gamla byggnaden smittade av sig....More
[Swedish],134,11,,4,"September 30, 2017 ",K√§llarmiddag,,"Ett st√§lle v√§rt att bes√∂ka. Bra service med utm√§rkt mat. Priserna kanske n√•got i √∂verkant.
Fondue verkar vara v√§ldigt popul√§rt...More"
[Swedish],134,7,3.0,3,"September 4, 2011 ",Ryktet √§r b√§ttre √§n verkligheten,,H√•ller man sig till fonduen s√• blir man n√∂jdare √§n √∂vriga menyn. Det tar genv√§gar lite h√§r och var oxh...More
[Swedish],134,71,7.0,4,"September 4, 2017 ",Trevlig resturang i historisk milj√∂.,"Malmo, Sweden","Vi var ett g√§ng p√• 8 personer som var d√§r och √•t middag, och vi blev inte besvikna. Trevlig service...More"
[Swedish],134,15,4.0,4,"September 8, 2016 ",Milj√∂n √§r otrolig,"Malmo, Sweden","Detta st√§lle √§r otroligt, vilken milj√∂.
Maten har alltid varit bra, har varit m√•nga g√•nger, bra personal."
[Swedish],134,10,,4,"September 9, 2015 ",Mycket bra!,,Mysig inredning.V√§nlig och kunnig personal. V√§llagad och god mat. Vi √•t f√∂rr√§tt och k√∂tt och pasta. Alla var n√∂jda. Bra...More
[Swedish],134,11,1.0,5,"September 9, 2018 ",Pasta fr√•n paradiset,Stockholm,Tre generationer ute p√• f√∂delsedagsfirande - valet av restaurang gjordes baserat p√• ett 25 √•r gammalt minne av god fondue....More
